sampleid,gene,cpm,bai_operon_sum
1024E,BAIA1,0,0.3304354875377358
1092L,BAIA1,0,0.549073685239317
1136E,BAIA1,0.27961916708300794,9.087622930197758
1160W,BAIA1,0,0.6043888934553827
1191T,BAIA1,0.8483983383424399,19.79596122799027
1195DD,BAIA1,0,0
1230M,BAIA1,0,0
1233N,BAIA1,0,0
1252CC,BAIA1,0,0
1262E,BAIA1,0,0.6259453580518193
1276I,BAIA1,0,0.03576824594560673
1312K,BAIA1,2.602064950231428,46.88127189993234
1345K,BAIA1,0,0.18017360627832948
1353H,BAIA1,0,0
1362G,BAIA1,0,0
1366U,BAIA1,0,0
1372N,BAIA1,0,0
1398M,BAIA1,0.6418116374302301,12.060710353376408
1460O,BAIA1,0,0.03701372524452655
1462H,BAIA1,0,0
1532G,BAIA1,0.4395677476939048,9.437778112251484
1570M,BAIA1,0,0.1333128624026844
1577J,BAIA1,0,0
1629D,BAIA1,0,2.794666912228422
1644C,BAIA1,14.031126412879557,239.82148960961246
166E,BAIA1,0,0
1700I,BAIA1,0,0.9605342698493207
1705W,BAIA1,0,1.2837638606608575
1709I,BAIA1,0,3.2855210252253384
1711N,BAIA1,0,0.030051251808935104
1766O,BAIA1,0,0
1789P,BAIA1,1.6151063430742303,26.935004244499467
1791F,BAIA1,0,0.11671541237232975
1796G,BAIA1,2.072557213412912,45.273262765721014
1805J,BAIA1,0,0
1814X,BAIA1,0,0
1824K,BAIA1,0,0.05205071488533852
1839K,BAIA1,0,0.8819574045041244
1842U,BAIA1,0,0
1855J,BAIA1,0,0.8830946485176474
1861E,BAIA1,0,0.0350275530234838
1872C,BAIA1,0,0
1873K,BAIA1,0,0.02890255273126233
1928K,BAIA1,0,1.0080627608877881
192E,BAIA1,0,0
1975F,BAIA1,3.165704780459561,46.53586027275554
202D,BAIA1,0,0
2035D,BAIA1,0,0
2045H,BAIA1,0,0.41271755374051544
2055B,BAIA1,0,2.140562154432997
2090E,BAIA1,0,0
2102C,BAIA1,0,0.648762769907878
2104L,BAIA1,0,0.08790857414519754
2162E,BAIA1,0,0
2163H,BAIA1,0,0
2182J,BAIA1,0.3251677082939999,13.372522003590745
2280E,BAIA1,0,1.307620034676146
2323K,BAIA1,0,0
2344D,BAIA1,0,0.6064861939634427
2418K,BAIA1,1.0943498641043885,20.981328429035862
449C,BAIA1,0,0
556D,BAIA1,0,0
566D,BAIA1,0,0.5339213207134741
599C,BAIA1,0,0
619F,BAIA1,0,0.6477746672967023
626E,BAIA1,0,0
628R,BAIA1,0.8766894147478995,15.725616377040447
633E,BAIA1,0.6121354214950265,11.562557961572724
640J,BAIA1,0,0
641F,BAIA1,0,0
668T,BAIA1,0.5576767684455199,8.955632810919232
678E,BAIA1,0,0
701F,BAIA1,0,0
896F,BAIA1,0,0.31231029589448595
907C,BAIA1,0,0
948E,BAIA1,0,0
951B,BAIA1,0,0
FMT.0004B,BAIA1,0,0
FMT.0012H,BAIA1,0,0.1584615939962325
FMT.0057I,BAIA1,0,0.1758774817763668
FMT.0107S,BAIA1,1.4969668511125858,24.48610063605587
FMT.0112W,BAIA1,0.031604567694392426,0.031604567694392426
FMT.0118I,BAIA1,0.15549396888652758,3.3897685217263014
FMT.0146E,BAIA1,0,0.92806281399107
FMT.0154M,BAIA1,0,2.7672238933179845
FMT.0191O,BAIA1,0,3.8405217437416295
FMT.0197U,BAIA1,0.9706064267423347,18.752116164661906
FMT.0200K,BAIA1,0.5777993232725434,8.222528831186194
FMT.0212F,BAIA1,0,0
FMT.0216G,BAIA1,0,1.7414461275957578
FMT.0222S,BAIA1,0,0
FMT.0225E,BAIA1,0,0
FMT.0239H,BAIA1,0.07024869689545368,0.8429843627454441
FMT.0241G,BAIA1,0,0.7121777649962594
FMT.0243J,BAIA1,0.5629666417698934,19.755011247561715
1024E,BAIA2,0,0.3304354875377358
1092L,BAIA2,0,0.549073685239317
1136E,BAIA2,0.31457156296838396,9.087622930197758
1160W,BAIA2,0,0.6043888934553827
1191T,BAIA2,1.0540706627890921,19.79596122799027
1195DD,BAIA2,0,0
1230M,BAIA2,0,0
1233N,BAIA2,0,0
1252CC,BAIA2,0,0
1262E,BAIA2,0,0.6259453580518193
1276I,BAIA2,0,0.03576824594560673
1312K,BAIA2,2.7564247354146487,46.88127189993234
1345K,BAIA2,0,0.18017360627832948
1353H,BAIA2,0,0
1362G,BAIA2,0,0
1366U,BAIA2,0,0
1372N,BAIA2,0,0
1398M,BAIA2,0.6418116374302301,12.060710353376408
1460O,BAIA2,0,0.03701372524452655
1462H,BAIA2,0,0
1532G,BAIA2,0.12928463167467788,9.437778112251484
1570M,BAIA2,0,0.1333128624026844
1577J,BAIA2,0,0
1629D,BAIA2,0,2.794666912228422
1644C,BAIA2,14.092666441006221,239.82148960961246
166E,BAIA2,0,0
1700I,BAIA2,0,0.9605342698493207
1705W,BAIA2,0,1.2837638606608575
1709I,BAIA2,0,3.2855210252253384
1711N,BAIA2,0,0.030051251808935104
1766O,BAIA2,0,0
1789P,BAIA2,1.5902585531807805,26.935004244499467
1791F,BAIA2,0,0.11671541237232975
1796G,BAIA2,2.2878878329882797,45.273262765721014
1805J,BAIA2,0,0
1814X,BAIA2,0,0
1824K,BAIA2,0,0.05205071488533852
1839K,BAIA2,0,0.8819574045041244
1842U,BAIA2,0,0
1855J,BAIA2,0,0.8830946485176474
1861E,BAIA2,0,0.0350275530234838
1872C,BAIA2,0,0
1873K,BAIA2,0,0.02890255273126233
1928K,BAIA2,0,1.0080627608877881
192E,BAIA2,0,0
1975F,BAIA2,2.2951359658331816,46.53586027275554
202D,BAIA2,0,0
2035D,BAIA2,0,0
2045H,BAIA2,0,0.41271755374051544
2055B,BAIA2,0,2.140562154432997
2090E,BAIA2,0,0
2102C,BAIA2,0,0.648762769907878
2104L,BAIA2,0,0.08790857414519754
2162E,BAIA2,0,0
2163H,BAIA2,0,0
2182J,BAIA2,0.5283975259777498,13.372522003590745
2280E,BAIA2,0,1.307620034676146
2323K,BAIA2,0,0
2344D,BAIA2,0,0.6064861939634427
2418K,BAIA2,1.1320860663148848,20.981328429035862
449C,BAIA2,0,0
556D,BAIA2,0,0
566D,BAIA2,0,0.5339213207134741
599C,BAIA2,0,0
619F,BAIA2,0,0.6477746672967023
626E,BAIA2,0,0
628R,BAIA2,0.8766894147478995,15.725616377040447
633E,BAIA2,0.4080902809966843,11.562557961572724
640J,BAIA2,0,0
641F,BAIA2,0,0
668T,BAIA2,0.03280451579091294,8.955632810919232
678E,BAIA2,0,0
701F,BAIA2,0,0
896F,BAIA2,0,0.31231029589448595
907C,BAIA2,0,0
948E,BAIA2,0,0
951B,BAIA2,0,0
FMT.0004B,BAIA2,0,0
FMT.0012H,BAIA2,0,0.1584615939962325
FMT.0057I,BAIA2,0,0.1758774817763668
FMT.0107S,BAIA2,1.1227251383344394,24.48610063605587
FMT.0112W,BAIA2,0,0.031604567694392426
FMT.0118I,BAIA2,0.062197587554611036,3.3897685217263014
FMT.0146E,BAIA2,0,0.92806281399107
FMT.0154M,BAIA2,0,2.7672238933179845
FMT.0191O,BAIA2,0,3.8405217437416295
FMT.0197U,BAIA2,0.8541336555332545,18.752116164661906
FMT.0200K,BAIA2,0.2666766107411739,8.222528831186194
FMT.0212F,BAIA2,0,0
FMT.0216G,BAIA2,0,1.7414461275957578
FMT.0222S,BAIA2,0,0
FMT.0225E,BAIA2,0,0
FMT.0239H,BAIA2,0.03512434844772684,0.8429843627454441
FMT.0241G,BAIA2,0,0.7121777649962594
FMT.0243J,BAIA2,1.1259332835397868,19.755011247561715
1024E,BAIB,0,0.3304354875377358
1092L,BAIB,0,0.549073685239317
1136E,BAIB,0.8738098971343998,9.087622930197758
1160W,BAIB,0,0.6043888934553827
1191T,BAIB,2.3652317311364994,19.79596122799027
1195DD,BAIB,0,0
1230M,BAIB,0,0
1233N,BAIB,0,0
1252CC,BAIB,0,0
1262E,BAIB,0,0.6259453580518193
1276I,BAIB,0,0.03576824594560673
1312K,BAIB,6.461059579811937,46.88127189993234
1345K,BAIB,0,0.18017360627832948
1353H,BAIB,0,0
1362G,BAIB,0,0
1366U,BAIB,0,0
1372N,BAIB,0,0
1398M,BAIB,1.7649820029331327,12.060710353376408
1460O,BAIB,0,0.03701372524452655
1462H,BAIB,0,0
1532G,BAIB,1.163561685072101,9.437778112251484
1570M,BAIB,0,0.1333128624026844
1577J,BAIB,0,0
1629D,BAIB,0.08300990828401253,2.794666912228422
1644C,BAIB,33.72393541341227,239.82148960961246
166E,BAIB,0,0
1700I,BAIB,0,0.9605342698493207
1705W,BAIB,0,1.2837638606608575
1709I,BAIB,0,3.2855210252253384
1711N,BAIB,0,0.030051251808935104
1766O,BAIB,0,0
1789P,BAIB,3.752016273910904,26.935004244499467
1791F,BAIB,0,0.11671541237232975
1796G,BAIB,6.62141655194255,45.273262765721014
1805J,BAIB,0,0
1814X,BAIB,0,0
1824K,BAIB,0,0.05205071488533852
1839K,BAIB,0,0.8819574045041244
1842U,BAIB,0,0
1855J,BAIB,0,0.8830946485176474
1861E,BAIB,0,0.0350275530234838
1872C,BAIB,0,0
1873K,BAIB,0,0.02890255273126233
1928K,BAIB,0,1.0080627608877881
192E,BAIB,0,0
1975F,BAIB,5.856553843850187,46.53586027275554
202D,BAIB,0,0
2035D,BAIB,0,0
2045H,BAIB,0,0.41271755374051544
2055B,BAIB,0,2.140562154432997
2090E,BAIB,0,0
2102C,BAIB,0,0.648762769907878
2104L,BAIB,0,0.08790857414519754
2162E,BAIB,0,0
2163H,BAIB,0,0
2182J,BAIB,0.5690434895144998,13.372522003590745
2280E,BAIB,0,1.307620034676146
2323K,BAIB,0,0
2344D,BAIB,0,0.6064861939634427
2418K,BAIB,2.905687570208204,20.981328429035862
449C,BAIB,0,0
556D,BAIB,0,0
566D,BAIB,0,0.5339213207134741
599C,BAIB,0,0
619F,BAIB,0,0.6477746672967023
626E,BAIB,0,0
628R,BAIB,1.6437926526523114,15.725616377040447
633E,BAIB,1.6323611239867373,11.562557961572724
640J,BAIB,0,0
641F,BAIB,0,0
668T,BAIB,0.4920677368636941,8.955632810919232
678E,BAIB,0,0
701F,BAIB,0,0
896F,BAIB,0,0.31231029589448595
907C,BAIB,0,0
948E,BAIB,0,0
951B,BAIB,0,0
FMT.0004B,BAIB,0,0
FMT.0012H,BAIB,0,0.1584615939962325
FMT.0057I,BAIB,0,0.1758774817763668
FMT.0107S,BAIB,3.047396804050621,24.48610063605587
FMT.0112W,BAIB,0,0.031604567694392426
FMT.0118I,BAIB,0.3420867315503607,3.3897685217263014
FMT.0146E,BAIB,0.04218467336323045,0.92806281399107
FMT.0154M,BAIB,1.3836119466589922,2.7672238933179845
FMT.0191O,BAIB,0,3.8405217437416295
FMT.0197U,BAIB,2.40710393832099,18.752116164661906
FMT.0200K,BAIB,0.2222305089509782,8.222528831186194
FMT.0212F,BAIB,0,0
FMT.0216G,BAIB,0,1.7414461275957578
FMT.0222S,BAIB,0,0
FMT.0225E,BAIB,0,0
FMT.0239H,BAIB,0,0.8429843627454441
FMT.0241G,BAIB,0,0.7121777649962594
FMT.0243J,BAIB,2.814833208849467,19.755011247561715
1024E,BAICD,0.22029032502515716,0.3304354875377358
1092L,BAICD,0.19966315826884254,0.549073685239317
1136E,BAICD,1.3631434395296638,9.087622930197758
1160W,BAICD,0.052555555952641976,0.6043888934553827
1191T,BAICD,3.290757191146434,19.79596122799027
1195DD,BAICD,0,0
1230M,BAICD,0,0
1233N,BAICD,0,0
1252CC,BAICD,0,0
1262E,BAICD,0,0.6259453580518193
1276I,BAICD,0.03576824594560673,0.03576824594560673
1312K,BAICD,8.181068614710677,46.88127189993234
1345K,BAICD,0,0.18017360627832948
1353H,BAICD,0,0
1362G,BAICD,0,0
1366U,BAICD,0,0
1372N,BAICD,0,0
1398M,BAICD,2.273082882565398,12.060710353376408
1460O,BAICD,0.03701372524452655,0.03701372524452655
1462H,BAICD,0,0
1532G,BAICD,1.7324140644406836,9.437778112251484
1570M,BAICD,0,0.1333128624026844
1577J,BAICD,0,0
1629D,BAICD,0.3320396331360501,2.794666912228422
1644C,BAICD,43.6113665990964,239.82148960961246
166E,BAICD,0,0
1700I,BAICD,0.11083087729030623,0.9605342698493207
1705W,BAICD,0.07335793489490613,1.2837638606608575
1709I,BAICD,0.6489918074519186,3.2855210252253384
1711N,BAICD,0,0.030051251808935104
1766O,BAICD,0,0
1789P,BAICD,5.093796928157188,26.935004244499467
1791F,BAICD,0,0.11671541237232975
1796G,BAICD,8.04798190662936,45.273262765721014
1805J,BAICD,0,0
1814X,BAICD,0,0
1824K,BAICD,0.05205071488533852,0.05205071488533852
1839K,BAICD,0.3741637473653861,0.8819574045041244
1842U,BAICD,0,0
1855J,BAICD,0.1424346207286528,0.8830946485176474
1861E,BAICD,0.0350275530234838,0.0350275530234838
1872C,BAICD,0,0
1873K,BAICD,0.02890255273126233,0.02890255273126233
1928K,BAICD,0.32074724210065986,1.0080627608877881
192E,BAICD,0,0
1975F,BAICD,8.824402075531026,46.53586027275554
202D,BAICD,0,0
2035D,BAICD,0,0
2045H,BAICD,0.26263844328941893,0.41271755374051544
2055B,BAICD,0.42811243088659945,2.140562154432997
2090E,BAICD,0,0
2102C,BAICD,0.14103538476258215,0.648762769907878
2104L,BAICD,0,0.08790857414519754
2162E,BAICD,0,0
2163H,BAICD,0,0
2182J,BAICD,2.723279556962249,13.372522003590745
2280E,BAICD,0.38744297323737664,1.307620034676146
2323K,BAICD,0,0
2344D,BAICD,0.06064861939634428,0.6064861939634427
2418K,BAICD,3.9245650298916006,20.981328429035862
449C,BAICD,0,0
556D,BAICD,0,0
566D,BAICD,0.07118950942846321,0.5339213207134741
599C,BAICD,0,0
619F,BAICD,0.04982882056128479,0.6477746672967023
626E,BAICD,0,0
628R,BAICD,2.9588267747741606,15.725616377040447
633E,BAICD,2.448541685980106,11.562557961572724
640J,BAICD,0,0
641F,BAICD,0,0
668T,BAICD,2.197902557991167,8.955632810919232
678E,BAICD,0,0
701F,BAICD,0,0
896F,BAICD,0,0.31231029589448595
907C,BAICD,0,0
948E,BAICD,0,0
951B,BAICD,0,0
FMT.0004B,BAICD,0,0
FMT.0012H,BAICD,0.126769275196986,0.1584615939962325
FMT.0057I,BAICD,0,0.1758774817763668
FMT.0107S,BAICD,4.330511247861409,24.48610063605587
FMT.0112W,BAICD,0,0.031604567694392426
FMT.0118I,BAICD,0.7152722568780269,3.3897685217263014
FMT.0146E,BAICD,0.04218467336323045,0.92806281399107
FMT.0154M,BAICD,0.6918059733294961,2.7672238933179845
FMT.0191O,BAICD,0.9970585296252308,3.8405217437416295
FMT.0197U,BAICD,3.843601449899645,18.752116164661906
FMT.0200K,BAICD,1.7778440716078256,8.222528831186194
FMT.0212F,BAICD,0,0
FMT.0216G,BAICD,0.34146002501877604,1.7414461275957578
FMT.0222S,BAICD,0,0
FMT.0225E,BAICD,0,0
FMT.0239H,BAICD,0,0.8429843627454441
FMT.0241G,BAICD,0.1695661345229189,0.7121777649962594
FMT.0243J,BAICD,3.326621065003916,19.755011247561715
1024E,BAIE,0,0.3304354875377358
1092L,BAIE,0,0.549073685239317
1136E,BAIE,0.4543811465098879,9.087622930197758
1160W,BAIE,0,0.6043888934553827
1191T,BAIE,0.7712712166749454,19.79596122799027
1195DD,BAIE,0,0
1230M,BAIE,0,0
1233N,BAIE,0,0
1252CC,BAIE,0,0
1262E,BAIE,0,0.6259453580518193
1276I,BAIE,0,0.03576824594560673
1312K,BAIE,1.4333408624156172,46.88127189993234
1345K,BAIE,0,0.18017360627832948
1353H,BAIE,0,0
1362G,BAIE,0,0
1366U,BAIE,0,0
1372N,BAIE,0,0
1398M,BAIE,0.4011322733938938,12.060710353376408
1460O,BAIE,0,0.03701372524452655
1462H,BAIE,0,0
1532G,BAIE,0.28442618968429134,9.437778112251484
1570M,BAIE,0,0.1333128624026844
1577J,BAIE,0,0
1629D,BAIE,0.13834984714002088,2.794666912228422
1644C,BAIE,7.9796903137575255,239.82148960961246
166E,BAIE,0,0
1700I,BAIE,0,0.9605342698493207
1705W,BAIE,0,1.2837638606608575
1709I,BAIE,0,3.2855210252253384
1711N,BAIE,0,0.030051251808935104
1766O,BAIE,0,0
1789P,BAIE,1.0684549654183368,26.935004244499467
1791F,BAIE,0,0.11671541237232975
1796G,BAIE,2.072557213412912,45.273262765721014
1805J,BAIE,0,0
1814X,BAIE,0,0
1824K,BAIE,0,0.05205071488533852
1839K,BAIE,0,0.8819574045041244
1842U,BAIE,0,0
1855J,BAIE,0,0.8830946485176474
1861E,BAIE,0,0.0350275530234838
1872C,BAIE,0,0
1873K,BAIE,0,0.02890255273126233
1928K,BAIE,0,1.0080627608877881
192E,BAIE,0,0
1975F,BAIE,1.5828523902297804,46.53586027275554
202D,BAIE,0,0
2035D,BAIE,0,0
2045H,BAIE,0,0.41271755374051544
2055B,BAIE,0,2.140562154432997
2090E,BAIE,0,0
2102C,BAIE,0,0.648762769907878
2104L,BAIE,0,0.08790857414519754
2162E,BAIE,0,0
2163H,BAIE,0,0
2182J,BAIE,0.7316273436614997,13.372522003590745
2280E,BAIE,0,1.307620034676146
2323K,BAIE,0,0
2344D,BAIE,0,0.6064861939634427
2418K,BAIE,0.5283068309469462,20.981328429035862
449C,BAIE,0,0
556D,BAIE,0,0
566D,BAIE,0,0.5339213207134741
599C,BAIE,0,0
619F,BAIE,0,0.6477746672967023
626E,BAIE,0,0
628R,BAIE,0.7123101494826684,15.725616377040447
633E,BAIE,0.4761053278294651,11.562557961572724
640J,BAIE,0,0
641F,BAIE,0,0
668T,BAIE,0.39365418949095526,8.955632810919232
678E,BAIE,0,0
701F,BAIE,0,0
896F,BAIE,0,0.31231029589448595
907C,BAIE,0,0
948E,BAIE,0,0
951B,BAIE,0,0
FMT.0004B,BAIE,0,0
FMT.0012H,BAIE,0,0.1584615939962325
FMT.0057I,BAIE,0,0.1758774817763668
FMT.0107S,BAIE,0.5880941200799444,24.48610063605587
FMT.0112W,BAIE,0,0.031604567694392426
FMT.0118I,BAIE,0.12439517510922207,3.3897685217263014
FMT.0146E,BAIE,0,0.92806281399107
FMT.0154M,BAIE,0,2.7672238933179845
FMT.0191O,BAIE,0,3.8405217437416295
FMT.0197U,BAIE,0.46589108483632063,18.752116164661906
FMT.0200K,BAIE,0.5777993232725434,8.222528831186194
FMT.0212F,BAIE,0,0
FMT.0216G,BAIE,0,1.7414461275957578
FMT.0222S,BAIE,0,0
FMT.0225E,BAIE,0,0
FMT.0239H,BAIE,0,0.8429843627454441
FMT.0241G,BAIE,0,0.7121777649962594
FMT.0243J,BAIE,0.8188605698471177,19.755011247561715
1024E,BAIF,0,0.3304354875377358
1092L,BAIF,0,0.549073685239317
1136E,BAIF,0.52428593828064,9.087622930197758
1160W,BAIF,0,0.6043888934553827
1191T,BAIF,1.851050920019869,19.79596122799027
1195DD,BAIF,0,0
1230M,BAIF,0,0
1233N,BAIF,0,0
1252CC,BAIF,0,0
1262E,BAIF,0,0.6259453580518193
1276I,BAIF,0,0.03576824594560673
1312K,BAIF,5.711312051779152,46.88127189993234
1345K,BAIF,0,0.18017360627832948
1353H,BAIF,0,0
1362G,BAIF,0,0
1366U,BAIF,0,0
1372N,BAIF,0,0
1398M,BAIF,1.7649820029331327,12.060710353376408
1460O,BAIF,0,0.03701372524452655
1462H,BAIF,0,0
1532G,BAIF,1.2928463167467787,9.437778112251484
1570M,BAIF,0,0.1333128624026844
1577J,BAIF,0,0
1629D,BAIF,0.02766996942800418,2.794666912228422
1644C,BAIF,28.493033022645765,239.82148960961246
166E,BAIF,0,0
1700I,BAIF,0,0.9605342698493207
1705W,BAIF,0,1.2837638606608575
1709I,BAIF,0,3.2855210252253384
1711N,BAIF,0,0.030051251808935104
1766O,BAIF,0,0
1789P,BAIF,3.652625114337105,26.935004244499467
1791F,BAIF,0,0.11671541237232975
1796G,BAIF,5.544763454065713,45.273262765721014
1805J,BAIF,0,0
1814X,BAIF,0,0
1824K,BAIF,0,0.05205071488533852
1839K,BAIF,0,0.8819574045041244
1842U,BAIF,0,0
1855J,BAIF,0,0.8830946485176474
1861E,BAIF,0,0.0350275530234838
1872C,BAIF,0,0
1873K,BAIF,0,0.02890255273126233
1928K,BAIF,0,1.0080627608877881
192E,BAIF,0,0
1975F,BAIF,6.133553012140399,46.53586027275554
202D,BAIF,0,0
2035D,BAIF,0,0
2045H,BAIF,0,0.41271755374051544
2055B,BAIF,0,2.140562154432997
2090E,BAIF,0,0
2102C,BAIF,0,0.648762769907878
2104L,BAIF,0,0.08790857414519754
2162E,BAIF,0,0
2163H,BAIF,0,0
2182J,BAIF,2.763925520498999,13.372522003590745
2280E,BAIF,0.04843037165467208,1.307620034676146
2323K,BAIF,0,0
2344D,BAIF,0,0.6064861939634427
2418K,BAIF,2.830215165787212,20.981328429035862
449C,BAIF,0,0
556D,BAIF,0,0
566D,BAIF,0,0.5339213207134741
599C,BAIF,0,0
619F,BAIF,0,0.6477746672967023
626E,BAIF,0,0
628R,BAIF,1.5889995642305679,15.725616377040447
633E,BAIF,2.0404514049834215,11.562557961572724
640J,BAIF,0,0
641F,BAIF,0,0
668T,BAIF,1.7386393369183857,8.955632810919232
678E,BAIF,0,0
701F,BAIF,0,0
896F,BAIF,0,0.31231029589448595
907C,BAIF,0,0
948E,BAIF,0,0
951B,BAIF,0,0
FMT.0004B,BAIF,0,0
FMT.0012H,BAIF,0,0.1584615939962325
FMT.0057I,BAIF,0,0.1758774817763668
FMT.0107S,BAIF,3.100859905876071,24.48610063605587
FMT.0112W,BAIF,0,0.031604567694392426
FMT.0118I,BAIF,0.21769155644113863,3.3897685217263014
FMT.0146E,BAIF,0,0.92806281399107
FMT.0154M,BAIF,0,2.7672238933179845
FMT.0191O,BAIF,0.03692809368982336,3.8405217437416295
FMT.0197U,BAIF,3.2612375938542444,18.752116164661906
FMT.0200K,BAIF,1.4222752572862605,8.222528831186194
FMT.0212F,BAIF,0,0
FMT.0216G,BAIF,0,1.7414461275957578
FMT.0222S,BAIF,0,0
FMT.0225E,BAIF,0,0
FMT.0239H,BAIF,0.10537304534318051,0.8429843627454441
FMT.0241G,BAIF,0,0.7121777649962594
FMT.0243J,BAIF,3.1730847081575813,19.755011247561715
1024E,BAIG,0,0.3304354875377358
1092L,BAIG,0,0.549073685239317
1136E,BAIG,0.5592383341660159,9.087622930197758
1160W,BAIG,0,0.6043888934553827
1191T,BAIG,3.290757191146434,19.79596122799027
1195DD,BAIG,0,0
1230M,BAIG,0,0
1233N,BAIG,0,0
1252CC,BAIG,0,0
1262E,BAIG,0,0.6259453580518193
1276I,BAIG,0,0.03576824594560673
1312K,BAIG,5.689260653895835,46.88127189993234
1345K,BAIG,0,0.18017360627832948
1353H,BAIG,0,0
1362G,BAIG,0,0
1366U,BAIG,0,0
1372N,BAIG,0,0
1398M,BAIG,1.3905918810988318,12.060710353376408
1460O,BAIG,0,0.03701372524452655
1462H,BAIG,0,0
1532G,BAIG,0.9567062743926162,9.437778112251484
1570M,BAIG,0,0.1333128624026844
1577J,BAIG,0,0
1629D,BAIG,0.08300990828401253,2.794666912228422
1644C,BAIG,30.421287237281263,239.82148960961246
166E,BAIG,0,0
1700I,BAIG,0,0.9605342698493207
1705W,BAIG,0,1.2837638606608575
1709I,BAIG,0,3.2855210252253384
1711N,BAIG,0,0.030051251808935104
1766O,BAIG,0,0
1789P,BAIG,2.9817347872139632,26.935004244499467
1791F,BAIG,0,0.11671541237232975
1796G,BAIG,6.3522532774733405,45.273262765721014
1805J,BAIG,0,0
1814X,BAIG,0,0
1824K,BAIG,0,0.05205071488533852
1839K,BAIG,0,0.8819574045041244
1842U,BAIG,0,0
1855J,BAIG,0,0.8830946485176474
1861E,BAIG,0,0.0350275530234838
1872C,BAIG,0,0
1873K,BAIG,0,0.02890255273126233
1928K,BAIG,0,1.0080627608877881
192E,BAIG,0,0
1975F,BAIG,5.579554675559976,46.53586027275554
202D,BAIG,0,0
2035D,BAIG,0,0
2045H,BAIG,0,0.41271755374051544
2055B,BAIG,0,2.140562154432997
2090E,BAIG,0,0
2102C,BAIG,0,0.648762769907878
2104L,BAIG,0,0.08790857414519754
2162E,BAIG,0,0
2163H,BAIG,0,0
2182J,BAIG,1.0974410154922496,13.372522003590745
2280E,BAIG,0,1.307620034676146
2323K,BAIG,0,0
2344D,BAIG,0,0.6064861939634427
2418K,BAIG,2.5660617503137386,20.981328429035862
449C,BAIG,0,0
556D,BAIG,0,0
566D,BAIG,0,0.5339213207134741
599C,BAIG,0,0
619F,BAIG,0,0.6477746672967023
626E,BAIG,0,0
628R,BAIG,1.753378829495799,15.725616377040447
633E,BAIG,0.8161805619933686,11.562557961572724
640J,BAIG,0,0
641F,BAIG,0,0
668T,BAIG,1.2465716000546916,8.955632810919232
678E,BAIG,0,0
701F,BAIG,0,0
896F,BAIG,0,0.31231029589448595
907C,BAIG,0,0
948E,BAIG,0,0
951B,BAIG,0,0
FMT.0004B,BAIG,0,0
FMT.0012H,BAIG,0,0.1584615939962325
FMT.0057I,BAIG,0,0.1758774817763668
FMT.0107S,BAIG,2.619691989447025,24.48610063605587
FMT.0112W,BAIG,0,0.031604567694392426
FMT.0118I,BAIG,0.24879035021844415,3.3897685217263014
FMT.0146E,BAIG,0.04218467336323045,0.92806281399107
FMT.0154M,BAIG,0,2.7672238933179845
FMT.0191O,BAIG,0,3.8405217437416295
FMT.0197U,BAIG,2.52357670953007,18.752116164661906
FMT.0200K,BAIG,0.8889220358039128,8.222528831186194
FMT.0212F,BAIG,0,0
FMT.0216G,BAIG,0,1.7414461275957578
FMT.0222S,BAIG,0,0
FMT.0225E,BAIG,0,0
FMT.0239H,BAIG,0,0.8429843627454441
FMT.0241G,BAIG,0,0.7121777649962594
FMT.0243J,BAIG,1.79125749654057,19.755011247561715
1024E,BAIH,0.11014516251257858,0.3304354875377358
1092L,BAIH,0.1497473687016319,0.549073685239317
1136E,BAIH,4.0195255268182395,9.087622930197758
1160W,BAIH,0.34161111369217284,0.6043888934553827
1191T,BAIH,3.5478475967047487,19.79596122799027
1195DD,BAIH,0,0
1230M,BAIH,0,0
1233N,BAIH,0,0
1252CC,BAIH,0,0
1262E,BAIH,0.5777957151247562,0.6259453580518193
1276I,BAIH,0,0.03576824594560673
1312K,BAIH,9.65851227289293,46.88127189993234
1345K,BAIH,0.18017360627832948,0.18017360627832948
1353H,BAIH,0,0
1362G,BAIH,0,0
1366U,BAIH,0,0
1372N,BAIH,0,0
1398M,BAIH,2.326567185684584,12.060710353376408
1460O,BAIH,0,0.03701372524452655
1462H,BAIH,0,0
1532G,BAIH,1.9392694751201682,9.437778112251484
1570M,BAIH,0.0444376208008948,0.1333128624026844
1577J,BAIH,0,0
1629D,BAIH,1.383498471400209,2.794666912228422
1644C,BAIH,45.33448738664301,239.82148960961246
166E,BAIH,0,0
1700I,BAIH,0.48026713492466033,0.9605342698493207
1705W,BAIH,0.14671586978981227,1.2837638606608575
1709I,BAIH,2.2309093381159704,3.2855210252253384
1711N,BAIH,0.030051251808935104,0.030051251808935104
1766O,BAIH,0,0
1789P,BAIH,4.795623449435791,26.935004244499467
1791F,BAIH,0.11671541237232975,0.11671541237232975
1796G,BAIH,8.263312526204727,45.273262765721014
1805J,BAIH,0,0
1814X,BAIH,0,0
1824K,BAIH,0,0.05205071488533852
1839K,BAIH,0.3741637473653861,0.8819574045041244
1842U,BAIH,0,0
1855J,BAIH,0.3418430897487667,0.8830946485176474
1861E,BAIH,0,0.0350275530234838
1872C,BAIH,0,0
1873K,BAIH,0,0.02890255273126233
1928K,BAIH,0.13746310375742565,1.0080627608877881
192E,BAIH,0,0
1975F,BAIH,8.626545526752302,46.53586027275554
202D,BAIH,0,0
2035D,BAIH,0,0
2045H,BAIH,0,0.41271755374051544
2055B,BAIH,1.0702810772164986,2.140562154432997
2090E,BAIH,0,0
2102C,BAIH,0.31027784647768075,0.648762769907878
2104L,BAIH,0,0.08790857414519754
2162E,BAIH,0,0
2163H,BAIH,0,0
2182J,BAIH,4.349118098432249,13.372522003590745
2280E,BAIH,0.19372148661868832,1.307620034676146
2323K,BAIH,0,0
2344D,BAIH,0.2425944775853771,0.6064861939634427
2418K,BAIH,4.490608063049043,20.981328429035862
449C,BAIH,0,0
556D,BAIH,0,0
566D,BAIH,0.21356852828538964,0.5339213207134741
599C,BAIH,0,0
619F,BAIH,0.4982882056128479,0.6477746672967023
626E,BAIH,0,0
628R,BAIH,3.123206040039392,15.725616377040447
633E,BAIH,2.516556732812887,11.562557961572724
640J,BAIH,0,0
641F,BAIH,0,0
668T,BAIH,2.2963161053639056,8.955632810919232
678E,BAIH,0,0
701F,BAIH,0,0
896F,BAIH,0.31231029589448595,0.31231029589448595
907C,BAIH,0,0
948E,BAIH,0,0
951B,BAIH,0,0
FMT.0004B,BAIH,0,0
FMT.0012H,BAIH,0.0316923187992465,0.1584615939962325
FMT.0057I,BAIH,0.14070198542109344,0.1758774817763668
FMT.0107S,BAIH,4.972068469766803,24.48610063605587
FMT.0112W,BAIH,0,0.031604567694392426
FMT.0118I,BAIH,0.6219758755461103,3.3897685217263014
FMT.0146E,BAIH,0.464031406995535,0.92806281399107
FMT.0154M,BAIH,0,2.7672238933179845
FMT.0191O,BAIH,2.2895418087690484,3.8405217437416295
FMT.0197U,BAIH,2.8729950231573107,18.752116164661906
FMT.0200K,BAIH,2.0445206823489994,8.222528831186194
FMT.0212F,BAIH,0,0
FMT.0216G,BAIH,0.5463360400300417,1.7414461275957578
FMT.0222S,BAIH,0,0
FMT.0225E,BAIH,0,0
FMT.0239H,BAIH,0.42149218137272204,0.8429843627454441
FMT.0241G,BAIH,0.03391322690458378,0.7121777649962594
FMT.0243J,BAIH,4.299017991697368,19.755011247561715
1024E,BAIN,0,0.3304354875377358
1092L,BAIN,0.19966315826884254,0.549073685239317
1136E,BAIN,0.6990479177075198,9.087622930197758
1160W,BAIN,0.2102222238105679,0.6043888934553827
1191T,BAIN,2.7765763800298036,19.79596122799027
1195DD,BAIN,0,0
1230M,BAIN,0,0
1233N,BAIN,0,0
1252CC,BAIN,0,0
1262E,BAIN,0.048149642927063016,0.6259453580518193
1276I,BAIN,0,0.03576824594560673
1312K,BAIN,4.38822817878012,46.88127189993234
1345K,BAIN,0,0.18017360627832948
1353H,BAIN,0,0
1362G,BAIN,0,0
1366U,BAIN,0,0
1372N,BAIN,0,0
1398M,BAIN,0.8557488499069734,12.060710353376408
1460O,BAIN,0,0.03701372524452655
1462H,BAIN,0,0
1532G,BAIN,1.4997017274262634,9.437778112251484
1570M,BAIN,0.0888752416017896,0.1333128624026844
1577J,BAIN,0,0
1629D,BAIN,0.7470891745561128,2.794666912228422
1644C,BAIN,22.13389678289041,239.82148960961246
166E,BAIN,0,0
1700I,BAIN,0.36943625763435406,0.9605342698493207
1705W,BAIN,1.063690055976139,1.2837638606608575
1709I,BAIN,0.40561987965744917,3.2855210252253384
1711N,BAIN,0,0.030051251808935104
1766O,BAIN,0,0
1789P,BAIN,2.3853878297711706,26.935004244499467
1791F,BAIN,0,0.11671541237232975
1796G,BAIN,4.0105327895912195,45.273262765721014
1805J,BAIN,0,0
1814X,BAIN,0,0
1824K,BAIN,0,0.05205071488533852
1839K,BAIN,0.13362990977335218,0.8819574045041244
1842U,BAIN,0,0
1855J,BAIN,0.39881693804022783,0.8830946485176474
1861E,BAIN,0,0.0350275530234838
1872C,BAIN,0,0
1873K,BAIN,0,0.02890255273126233
1928K,BAIN,0.5498524150297026,1.0080627608877881
192E,BAIN,0,0
1975F,BAIN,4.47155800239913,46.53586027275554
202D,BAIN,0,0
2035D,BAIN,0,0
2045H,BAIN,0.15007911045109654,0.41271755374051544
2055B,BAIN,0.6421686463298991,2.140562154432997
2090E,BAIN,0,0
2102C,BAIN,0.19744953866761503,0.648762769907878
2104L,BAIN,0.08790857414519754,0.08790857414519754
2162E,BAIN,0,0
2163H,BAIN,0,0
2182J,BAIN,0.2845217447572499,13.372522003590745
2280E,BAIN,0.678025203165409,1.307620034676146
2323K,BAIN,0,0
2344D,BAIN,0.30324309698172136,0.6064861939634427
2418K,BAIN,1.5094480884198462,20.981328429035862
449C,BAIN,0,0
556D,BAIN,0,0
566D,BAIN,0.24916328299962123,0.5339213207134741
599C,BAIN,0,0
619F,BAIN,0.09965764112256958,0.6477746672967023
626E,BAIN,0,0
628R,BAIN,2.1917235368697487,15.725616377040447
633E,BAIN,0.6121354214950265,11.562557961572724
640J,BAIN,0,0
641F,BAIN,0,0
668T,BAIN,0,8.955632810919232
678E,BAIN,0,0
701F,BAIN,0,0
896F,BAIN,0,0.31231029589448595
907C,BAIN,0,0
948E,BAIN,0,0
951B,BAIN,0,0
FMT.0004B,BAIN,0,0
FMT.0012H,BAIN,0,0.1584615939962325
FMT.0057I,BAIN,0.03517549635527336,0.1758774817763668
FMT.0107S,BAIN,3.2077861095269697,24.48610063605587
FMT.0112W,BAIN,0,0.031604567694392426
FMT.0118I,BAIN,0.90186501954186,3.3897685217263014
FMT.0146E,BAIN,0.3374773869058436,0.92806281399107
FMT.0154M,BAIN,0.6918059733294961,2.7672238933179845
FMT.0191O,BAIN,0.516993311657527,3.8405217437416295
FMT.0197U,BAIN,1.5529702827877354,18.752116164661906
FMT.0200K,BAIN,0.4444610179019564,8.222528831186194
FMT.0212F,BAIN,0,0
FMT.0216G,BAIN,0.8536500625469401,1.7414461275957578
FMT.0222S,BAIN,0,0
FMT.0225E,BAIN,0,0
FMT.0239H,BAIN,0.21074609068636102,0.8429843627454441
FMT.0241G,BAIN,0.5086984035687567,0.7121777649962594
FMT.0243J,BAIN,1.8424362821560147,19.755011247561715
