sampleid,beta_muricholic_acid,chenodeoxycholic_acid,chenodeoxycholic_acid_3_sulfate,cholic_acid,cholic_acid_3_sulfate,deoxycholic_acid,deoxycholic_acid_3_sulfate,glycochenodeoxycholic_acid,glycochenodeoxycholic_acid_3_sulfate,glycocholic_acid,glycocholic_acid_3_sulfate,glycodeoxycholic_acid,glycodeoxycholic_acid_3_sulfate,glycolithocholic_acid,glycolithocholic_acid_3_sulfate,glycoursodeoxycholic_acid,glycoursodeoxycholic_acid_3_sulfate,lithocholic_acid,lithocholic_acid_3_sulfate,omega_muricholic_acid,taurochenodeoxycholic_acid,taurocholic_acid,taurodeoxycholic_acid,taurolithocholic_acid,tauroursodeoxycholic_acid,ursodeoxycholic_acid,ursodeoxycholic_acid_3_sulfate
FMT.0203F,14.8617,858.5433,7117.6958,12668.4828,2419.6642,6.3991,40.7964,173.654287,3757.582,197.7930382,295.2002,0,0,0,0,3132.3471,76828.7359,0,111.5509,335.6075,514.261264,168.1108521,0,0,5620.4043,7826.3534,133387.3393
640J,122.6202,25198.2193,13886.8433,106931.6376,1633.2721,111.9238,156.2543,1389.0831,467.1082,1993.7705,62.7568,0,0,0,13.5098,9020.1037,2837.9222,38.7502,585.7833,911.7447,312.5535154,632.5383,0,0,1261.9034,133978.2591,128669.1502
2276G,89.3794,28230.0711,231.19,57576.6176,221.5028,9909.2598,18.0878,118.7552884,0,30.6334736,0,13.838,0,0,11.2154,18929.3139,152.7248757,1160.667,65.408,1365.5367,193.3725706,2756.986,345.599,7.6971,2296.4216,772433.5255,110592.1911
1976E,48.4655,4030.172,5641.9644,29555.2687,8597.6733,46.2132,385.7801,48.2685816,69.8979,23.35674575,0,0,0,0,0,410.0245602,70.4073411,34.4642,413.9207,960.6045,27.6345673,406.3976797,0,0,135.1701082,26134.4595,105514.9556
FMT.0112R,11.3884,1386.2177,7175.5083,13246.1251,601.4272,9.0519,803.6201,0,74.0953,99.88674265,22.8869,0,6.0046,0,5.3769,173.9237033,796.7184,15.1677,255.4757,165.7244,25.9016902,27.67832445,0,0,5428.3724,78747.2779,103396.3064
2149H,30.2489,196.6940324,7717.6217,11.5575,27.6634,2573.8475,1221.2672,0,0,14.6040921,0,0,0,0,6.3498,42.4271949,33.945742,25907.1815,986.3232,242.8596,0,0,0,8.9976,6.58415,3653.4864,98902.6379
1802J,26.5002,8901.5658,14427.4174,69431.5574,0,37.9888,162.721,2898.0522,227.6345,14723.8665,351.6389,11.0329,19.1266,0,31.759,4866.9611,1157.3491,13.8815,491.1268,513.2529,101.9504022,7090.1112,0,0,285.2559854,49660.4354,96770.5225
1709I,14.8204,1326.6192,9669.4761,16640.1017,551.5005,133.3819,5621.1625,138.6454717,0,425.2670198,223.0947,40.5447,49.2588,0,8.1969,516.3612,139.8267038,5.947,432.6536,63.9977,0,6.26148395,0,0,0,5657.1132,90567.3034
1092L,0,849.9615,6108.6694,12143.0312,350.6831,0,138.8689,29.8507566,24.6706,64.5363218,0,0,0,0,0,310.0543856,391.820987,0,140.5608,58.6001,9.0128116,15.04944055,0,0,463.6814678,13558.4987,81464.7198
FMT.0107S,66.5986,801.2941,5588.1854,56.6917,516.4301,27950.4681,4079.1445,82.4367611,0,21.9338917,0,31.8912,0,28.1947,210.0694,122.9940574,19.6406974,118487.7016,8126.7291,227.2192,18.147341,16.72011125,118.396,447.3133,44.9530172,4683.6274,80060.0404
1700I,19.148,17300.3963,4520.1859,44822.4535,318.6818,44.0889,50.3416,225.1533729,117.1041,119.5779109,28.0236,0,0,0,15.6335,548.7195,1007.9197,12.3325,463.7524,443.847,1631.5543,5215.789,7.6467,0,5092.3055,56168.0817,75897.1757
922C,14.5651,2264.2094,2545.3359,33215.9465,0,0,22.221800000000002,1145.8018,71.6846,3309.2238,63.6781,0,0,0,9.0661,14061.3784,3250.9448,8.671,240.0168,86.7425,110.0926824,70.03300145,0,0,714.8562,65807.0871,74155.9388
1805H,25.8567,9761.7685,4792.3001,20211.3358,98.5492,0,0,76.8057113,1372.9307,188.1228309,70.1602,0,0,0,8.2207,770.1214,6727.0288,0,87.7767,179.8883,99.7249595,318.4893799,0,0,1333.0568,53723.4624,71549.7355
FMT.0019E,41.3986,9351.46,9487.422,27971.0255,906.3393,529.6099,1037.6097,735.7356,800.8934,614.9973,74.3576,0,35.3459,0,147.4432,879.3966,1604.3752,130.6097,1214.1606,305.109,44.3230742,621.9981,0,0,29.5350733,263798.2698,69047.8481
FMT.0012E,41.309,1058.1778,7965.94,1246.2894,331.0226,22893.6546,4850.473,0,0,6.69450175,0,0,0,0,17.1921,49.6405761,8.8063896,17479.65,667.4667,92.763,5.6790963,334.7460339,69.8983,41.7642,83.2225883,39522.4952,67264.4343
1928K,24.6173,15038.4835,4720.2081,84870.5442,455.5556,108.2418,106.97,771.4092,15.1775,538.1762,10.2318,0,0,0,17.0695,1462.9677,113.4580728,204.3253,468.0541,464.6196,111.8753855,332.3081619,0,0,258.0798173,46019.2476,66333.2514
1937H,45.1666,11882.3362,4936.181,80349.875,352.5479,116.0409,212.9,149.3388431,37.1337,892.6847,23.9311,0,0,0,14.669,501.6166,413.6814327,20.2615,237.8961,646.699,28.6271724,602.8218,0,0,107.9213365,48359.7325,61109.9268
1075K,30.6197,1817.9806,5165.6334,3342.2442,401.8433,11616.1972,5713.8894,96.4004976,313.151,614.1979,43.7482,385.0861,293.9538,21.9696,814.6772,809.7204,1730.5204,29175.7195,9384.9909,248.4439,6.37061,223.2281863,179.2763,39.58,63.9182164,31913.7456,60873.521
599C,17.3098,825.1739,8587.7068,18851.0794,206.0898,12.7477,287.5454,200.4389651,477.135,1889.1158,39.5311,0,30.4509,0,43.3383,1290.2488,11810.6428,92.7839,1274.3986,147.5439,72.8118015,3399.3259,0,0,90.1733153,6036.274,60754.8979
1791C,6.6926,6836.2108,2136.2433,1079.2245,13.384,53.7166,12.7116,3762.7731,42.0297,9542.2995,24.2012,41.7764,6.3316,0,0,51600.3888,4915.1485,9.3356,248.7073,43.0631,64.6794865,2299.6081,0,0,661.2081,98373.0204,60600.8029
1711N,26.5811,28413.0197,4513.059,27745.5007,1010.5483,44.2339,21.5698,23.5459881,0,26.2771152,0,0,0,0,27.7944,159.5916103,49.9712072,6.3088,104.2049,194.9138,41.0470147,83.9769834,0,0,1000.9827,55254.0539,54647.333
640H,20.5754,21725.1495,5713.7406,27975.5567,229.247,190.0205,222.5475,1217.6609,86.6532,511.5822,8.2831,0,0,0,0,6274.7757,579.9309,14.8321,181.8236,222.0095,201.7725224,95.74409875,0,0,8752.3138,167363.8328,54435.8982
FMT.0240N,0,39634.046,7648.015,110062.1223,809.2813,191.788,142.43,47.0681309,0,28.30125935,0,0,0,0,13.1746,77.2039634,0,229.304,1099.8742,0,292.9395105,1314.0279,0,0,589.6998,299394.5347,54332.717
247E,14.8591,4105.2739,4505.1357,19544.556,41.6134,193.0888,598.6131,100.9108183,657.9025,140.8765075,119.2443,0,47.6352,0,21.1708,1587.4851,14816.7,5.1902,245.4336,86.2126,561.9357,2877.5284,64.0674,0,3133.6858,35629.4859,52391.8453
1796G,48.2329,4419.2667,4629.4191,1122.6627,358.9022,24342.3799,829.1695,703.2799,0,408.68496,0,50.2794,5.7387,50.4711,77.4372,2514.3546,197.0479499,63782.9239,2249.4862,179.7164,69.1766389,164.5819605,69.5777,141.2468,160.2254682,20487.2947,52018.4609
1362E,53.2125,14439.6195,5109.3571,26219.4212,365.4319,566.1286,934.7859,59.0868739,15.7681,51.6258326,7.2254,0,0,0,5.6004,5529.7211,159.2524376,39.2232,480.6372,662.522,0,83.6375528,0,0,0,164840.5983,51911.8453
FMT.0146E,13.7842,19303.6019,1953.3245,35742.6469,243.1596,53.8139,20.9555,415.7250105,69.151,430.0444147,34.2687,0,0,0,15.87,246.1849275,1702.3391,15.9388,126.4825,224.6667,139.7423555,135.6030741,0,0,669.2698,35681.8258,51266.1458
951B,7.8577,5536.0455,3722.2942,42711.4683,200.291,39.1386,110.2678,6802.6802,3487.201,12103.5629,350.4472,0,103.4872,0,112.311,97301.0894,74068.7826,0,183.858,258.0352,129.8956702,19185.7524,11.1399,0,328.8412789,28875.3192,50360.8489
2055B,26.0878,6072.2875,2851.1634,19806.2481,265.2397,11.3305,54.3038,107.4600901,0,69.22282165,0,0,5.4671,0,0,275.3377642,52.7490067,37.3943,98.5954,568.5778,64.674148,79.924979,0,0,683.8709,29282.34,49770.8406
FMT.0022E,17.2358,17047.0207,2837.778,39370.8309,129.124,44.8687,106.3199,231.3396267,2347.5137,516.9006,239.198,0,0,0,56.7565,2639.234,19327.7118,27.4495,180.7874,183.4809,6173.234,5059.0504,10.5556,0,39423.2767,205742.1118,48895.0214
573E,35.0863,177.7625607,4251.9258,79.624,346.0415,4502.0054,7347.2275,586.6432,5.8745,196.8575424,0,158.7402,14.3728,11.3868,123.4003,1098.2457,54.0106722,45098.0319,8624.3633,92.2734,135.9997111,83.18686525,119.0645,167.2358,206.9562059,1157.2536,40139.1581
896F,10.0723,981.9207,5949.9403,2590.9009,215.1118,0,34.5204,1653.568,2703.3207,11151.423,811.6238,0,0,0,0,3123.6342,32167.6949,0,244.5857,36.2542,0,610.8085,0,0,20.7048384,9832.3587,39593.7417
1570M,24.5202,26876.807,3502.0973,101523.8332,441.754,167.5688,74.0679,29.9771011,0,26.89949225,0,0,0,0,11.6866,145.0804996,5.8125588,43.1074,332.2129,468.9481,0,0,0,0,0,191210.0469,38761.2427
1791F,29.6601,20769.3249,1737.1344,25376.9553,115.7553,58.6508,10.8501,319.6576353,55.3395,1815.8478,6.8972,0,14.1745,0,0,500.9160817,930.7787,16.2473,104.4097,400.7735,60.2442607,1582.448,0,0,178.4254824,132940.9629,37560.2965
2164C,33.9409,708.6971,2875.2202,1097.7231,571.2665,115727.7082,631.0829,37.1723314,0,51.49650935,0,10.2084,0,0,18.8682,111.6454741,6.028946,72250.8438,232.7581,227.7296,6.2396388,30.36096035,514.0337,127.2471,35.0137979,14582.0085,35595.4122
1276F,34.2398,11517.6306,1196.2337,15767.1473,79.6435,102.4992,20.4849,89.3565248,9.9166,98.45060415,0,0,0,0,0,1989.6079,914.5998,11.7167,111.2357,133.9927,0,162.9797989,0,0,0,187833.0072,35419.9555
1398M,57.8536,391.5892076,182.3663,55.4053,125.4655,22884.9538,209.5465,29.5069572,0,18.1007855,0,48.6646,0,24.6503,94.0455,166.5562174,7.8419006,109424.5591,5620.9682,256.9176,7.7401132,217.3234635,134.0271,473.3265,45.8669684,23701.3073,34033.3835
FMT.0212C,14.2614,6091.0574,1414.2238,6889.3578,42.0522,69.2375,70.6527,3627.5684,1060.0489,998.9387,18.1643,30.4022,198.5497,0,27.9033,43610.5838,25566.8832,21.7227,101.4143,166.1496,254.1905421,417.575083,18.5585,0,1045.9945,115595.0632,33866.6858
FMT.0241G,17.1154,18095.7077,2879.3084,29794.9176,63.5384,10.5679,0,3427.9467,2007.3569,6452.9754,122.794,0,0,0,47.7738,19210.509,23711.1308,7.3992000000000004,89.7348,327.8795,41.4783655,9.3350776,0,0,26.3889173,123555.3549,33863.9849
FMT.0212F,5.662,985.6837,2013.4254,4540.8394,24.4076,0,38.3843,50.8371119,696.6858,50.8204253,27.6391,0,7.3845,0,8.2628,1237.0449,11560.5528,0,87.8861,53.5345,500.179,118.7722302,0,0,4193.5472,16599.2243,33800.0878
FMT.0197K,38.6722,11057.2975,3449.9075,32926.8088,601.7059,87.7103,69.7087,1199.601,70.8166,1476.3179,10.6124,0,0,0,0,6324.7065,915.8205,24.6034,229.5496,330.0561,170.2095309,441.805369,0,0,536.9815,259438.8234,32966.8354
1398K,51.5213,27866.2639,1568.1524,62920.8294,50.7011,22845.3021,3610.372,5002.53,554.5,21847.5543,51.3836,11708.0966,11008.7097,39.1558,2776.2377,93987.0402,18899.9201,212.5396,4275.7533,1543.1495,478.5652058,7224.3059,2510.8082,32.9968,2818.6704,253953.0249,32529.2083
FMT.0057I,27.7579,24901.4405,4673.0471,65575.2112,145.049,123.9522,101.1251,502.7148003,359.0717,1833.6124,60.791,0,0,0,8.1421,1600.2442,2254.4625,14.3993,310.9841,302.3714,94.2127803,526.1292,0,0,163.6680889,68814.7336,32237.6677
979D,9.7794,566.5232,2158.1607,6656.4136,15.1776,7.4292,45.014,142.1710171,44.2441,796.8586,90.2186,0,27.5508,0,0,3117.7424,3733.6807,5.3547,75.0577,97.4131,0,13.4515371,0,0,0,35012.3203,31830.0714
1855F,12.9561,6842.5052,2306.6492,19513.0554,92.657,17.3486,33.2378,311.9637891,59.8795,67.7079248,20.3435,0,0,0,6.2983,4085.033,7164.2148,0,121.6575,113.2667,10.1979586,8.52019455,0,0,6.1737973,33206.1458,30932.1821
2045H,24.1326,32543.0545,2779.3933,70443.9426,110.3973,23.6943,0,3347.588,111.0832,2589.8617,13.2142,0,0,0,16.3679,14306.5346,1247.1387,0,61.8181,506.0643,134.5807378,299.7677201,0,0,375.5246819,111113.174,30813.1875
964B,0,5496.8882,3136.017,48386.9056,315.4791,46.3641,44.2391,2405.5652,2140.147,4746.5642,284.7301,0,49.0974,0,63.8328,18827.9182,15426.6928,0,163.8822,140.3295,1577.5385,2611.9816,0,0,2749.5792,25731.7136,30502.8895
566D,17.6832,14684.4236,1914.7385,33065.3123,113.6115,32.0834,17.5269,315.605002,828.4987,430.0664439,101.4609,0,0,0,0,2053.0306,6661.6309,0,50.6043,177.384,1683.2104,1737.677,0,0,11154.5439,40587.9082,30254.9776
410D,12.894,4819.1562,5751.217,13293.2511,629.3499,9932.936,3472.5576,29.3336339,16.2334,130.98046,0,11.5795,36.5122,0,15.939,56.4870244,115.1770698,14104.4267,2293.6947,90.7316,100.3395988,264.9019008,43.742,14.7565,105.9492946,41973.2266,30090.9057
80R,9.2366,10246.9196,225.7691,3558.2647,26.2782,3473.3368,9.9924,872.3772,22.2075,316.6781154,0,24.2922,5.8235,0,15.3447,3236.0465,315.8982636,4985.4061,71.9165,88.4615,199.4093464,136.6617499,15.6206,10.7367,593.8366,34402.5372,29515.3596
1160W,0,1843.9633,5750.5849,15399.9135,364.365,0,17.3329,57.0130446,0,27.7712215,0,0,0,0,11.0468,82.5157709,5.185463,20.8372,201.5955,68.0232,11.2717089,47.30040385,0,0,25.5091325,8479.8558,29093.789
2285E,0,871.9982,1812.3101,3640.3735,23.3007,0,65.4298,23636.0535,1131.3161,15359.3825,23.9363,146.3056,84.5901,0,37.7713,158309.4327,21685.4349,0,204.5455,25.5526,51.1424741,1169.525,0,0,155.8553721,6778.6365,27373.6316
1195Q,0,550.6514,1840.6141,9073.1435,46.9633,5.1294,46.9009,191.6916549,2657.8899,226.7922732,164.1888,0,44.6312,0,70.3758,1916.3438,32275.5782,6.7416,120.3904,176.3419,446.9548796,1338.1092,0,0,6941.6508,24479.3399,27282.7294
1532G,13.4895,201.2811952,756.5216,103.9372,65.1913,3895.9748,800.6443,39.4536504,0,18.00131565,0,7.5586,0,8.6805,12.2133,92.4809709,9.9630646,28299.9274,2068.0911,104.221,61.3916823,493.0131236,122.5798,85.1286,410.6626889,10760.3524,26988.151
1855J,8.1198,4001.8415,1468.0379,10545.9148,102.7845,32.2521,8.5206,386.7978144,69.3406,293.8850332,18.1982,0,0,0,8.287,3510.8229,3482.6271,5.5714,66.5784,107.0794,8.6181185,0,0,0,0,25857.6065,25918.5338
1462H,9.7612,14080.1488,1821.6469,36056.0527,28.3329,104.6678,296.738,2005.0342,5088.4824,1651.4753,143.3129,0,191.3982,0,94.1547,34756.0389,39171.2181,0,103.5624,351.7675,15562.25,4900.633,96.8776,0,24132.3688,65297.3898,24014.771
2104L,9.6967,2933.7661,1221.2374,29383.5337,256.5447,25.682,0,31.2562057,21.4399,219.0563992,10.4447,0,0,0,0,363.7298,8408.6141,0,32.0331,182.0473,0,22.0551226,0,0,23.9695091,32849.0735,23559.0868
2280E,9.2759,7273.3916,2727.4789,17842.9076,120.6906,3293.8792,652.5266,107.9476731,13.5189,79.60860825,0,6.5093,0,0,11.1641,311.6050419,94.7448508,1533.926,1181.947,106.3197,21.9195251,105.1290104,0,0,38.5001943,20296.3466,22929.8079
1644C,11.886,15.6353621,1984.9381,74.6529,365.2247,4878.9304,4530.4427,45.8666125,29.5115,18.2911248,0,16.5937,0,22.7418,180.957,63.6947112,5.4506085,46590.8307,9889.4498,114.0825,104.7783836,1083.9978,576.0007,523.2407,449.0137611,944.2054,22897.7481
2180C,23.0191,10700.0089,2206.437,41744.6501,50.9322,1548.2964,1535.3095,4646.1553,367.5282,3307.0498,154.7653,270.5355,292.6758,0,65.5743,11143.4451,3628.1465,8.7915,387.8614,293.9145,189.0843315,3967.4809,154.365,0,302.244516,58036.2433,22701.8894
832D,0,3118.7618,3417.6909,24232.2865,85.1841,0,10.0448,566.6608,43.9887,308.7868627,6.5393,0,0,0,0,1248.1185,295.8287067,0,60.0822,96.2434,79.1421948,47.19361705,0,0,3437.9904,10725.8857,22440.8882
1528I,33.1112,22477.3289,5410.9021,113231.8632,297.5779,46.4358,0,2029.3275,42.2088,2500.5855,51.4112,0,0,0,9.1434,3450.5429,218.672078,6.4381,149.8031,292.9703,250.2585589,736.2587,0,0,425.8646015,78252.6304,22281.9587
2104H,9.3575,10597.3833,2448.1123,7623.8168,18.9286,7.1629,0,9454.7656,229.7798,35765.9044,81.2833,0,13.1813,0,11.2833,29654.3867,3915.7877,10.5752,116.7283,59.0195,8.3604469,5.51421235,0,0,9.9029175,45106.9305,21488.5095
1839F,5.3517,1597.3456,1588.3574,11921.5571,24.421,86.4032,631.2678,497.0787679,675.395,209.2873466,48.2355,16.7459,26.3702,0,9.0739,3166.5117,7045.8902,0,90.9684,106.4472,182.0816431,78.5328364,5.7486,0,8267.9653,17017.9973,20849.6402
1908E,7.3888,12748.3243,1227.1579,28186.857,61.8164,14.9649,5.2693,19722.4313,1394.4262,20312.4888,30.8588,16.181,0,0,68.4753,106979.6157,17709.9646,5.3283,113.2589,332.0892,1270.7408,2492.1869,0,0,2875.0519,48214.3532,20771.4402
FMT.0012H,10.2903,8579.9385,3804.3195,28723.5104,145.7296,1779.7898,783.317,397.6936929,7.9765,2662.3791,0,341.0365,0,0,7.0059,422.2547078,49.6768779,552.2193,589.9801,101.704,19.7175718,683.8265003,0,0,37.4734228,20901.176,20614.5805
1230M,0,34.2348377,1547.3858,2329.7299,763.7213,0,21.9114,0,0,63.26318725,19.5707,0,0,0,0,0,287.7739779,0,49.9055,7.2711,375.6723804,1638.836,0,0,827.8994,135.6671479,18678.8448
FMT.0200H,13.1106,5485.7829,1119.8949,704.6102,0,84.257,48.4734,108724.7838,3013.0651,66182.7044,95.0709,1900.1063,500.4656,9.5015,455.2412,418742.333,50518.4988,13.0321,461.8006,116.7153,385.7336734,13582.9858,279.7105,0,842.8436,68223.9264,18563.0759
FMT.0197U,32.023,5470.6981,1901.583,8820.8764,69.635,9067.1297,468.9882,18981.0043,4291.5101,47854.0027,271.1477,2890.7383,2424.1897,191.2505,2492.2453,100913.9522,68687.8507,19677.7277,1018.7511,760.3186,2199.1942,8894.3903,468.5321,125.6594,3844.8643,114457.5107,18521.5654
FMT.0118I,8.687,6236.1707,4585.7252,27681.0986,377.8967,4769.425,440.024,46.0495451,6.6976,111.6306285,0,0,0,0,8.2335,154.9880438,41.7808805,1444.8503,511.1416,0,28.4695087,1279.3324,18.5789,0,65.7329505,23136.578,18279.4438
266D,0,560.5318,5530.3689,2595.0004,82.6665,5.3591,71.5866,6004.0312,3453.3099,42123.7685,959.492,28.5648,197.5964,0,100.3602,9712.6801,20746.989,0,192.6733,19.0876,787.4426,13427.1934,9.5645,0,1043.4973,6986.7183000000005,18149.9465
FMT.0169M,0,10196.0227,3427.6765,30922.8641,120.503,1477.1131,90.366,74.5450345,8.4532,18.59631145,0,0,0,0,10.983,108.4402387,43.302353,402.0745,277.1417,225.4553,89.3750316,266.540256,5.3985,0,87.4574424,44777.6975,17456.4179
1312K,9.017,142.3420776,84.4059,270.5541,7.8094,2877.7958,164.4634,323.7711275,25.6621,331.4890333,0,72.044,50.1357,5.0434,132.1837,1652.2338,360.4629939,11388.0625,824.7784,18.4934,96.5353837,62.4273798,28.4774,17.4847,234.086107,2882.5371,17293.93
780B,18.5525,6776.1006,4348.8434,36979.0244,51.8205,10.2299,0,156.8326735,712.8686,318.0644434,95.8556,0,0,0,0,451.8848064,3419.3169,11.8737,141.9926,273.9612,8.0351543,239.7307024,0,0,21.5985033,42375.9898,16912.4844
FMT.0208J,7.3372,13115.4353,1559.6896,79497.5912,43.1223,86.9412,28.0623,3022.0742,19.486,3652.2678,0,0,0,0,15.1163,12929.3692,268.8440128,45.0653,271.6534,364.9239,199.2744603,977.3638,0,0,503.4266,117681.8325,16616.9479
1099D,29.9256,10183.6305,2060.4559,6665.6677,60.4007,33882.871400000004,1198.847,5990.7842,140.175,4107.1127,6.2109,3082.6013,329.163,249.5361,1425.8419,25159.5452,744.0708,77013.3028,3103.6191,297.54,295.3304467,933.7953,512.2049,396.339,826.3273,98927.6937,16326.0443
1276I,5.7243,8325.0815,741.2181,20888.1035,36.8561,32.848,12.2766,385.6251239,828.9802,289.7391653,59.0108,0,0,0,56.0588,19620.2844,16456.376,7.3182,104.5337,115.2636,36.7313713,37.5740769,0,0,711.4407,72805.402,15903.0203
1353H,11.6492,65333.5765,745.3358,68301.4075,46.24,360.039,8.668,3533.0018,3973.9783,1575.8802,144.9172,0,73.0384,0,65.3487,62847.4684,38662.9265,0,19.1189,488.8075,5517.9215,3430.5399,0,0,6832.7055,118363.4147,15357.7681
1700G,0,7156.3745,1005.6396,30970.0108,24.4228,10.5196,15.1788,36.7377775,277.6283,538.5741,26.1346,0,0,0,8.3209,615.6597,1128.8071,17.9402,194.9734,55.0379,32.8926339,1870.9991,0,0,83.5870299,87430.2485,14740.3734
1176P,0,266.9425606,1512.6905,1960.6996,42.7127,0,17.0859,27.8477514,767.5399,13.28735815,87.2162,0,0,0,7.7792,111.6821318,6782.2401,0,84.0667,47.9654,24.6133322,29.1493127,0,0,543.0608,3190.0257,14734.8746
FMT.0172L,0,1493.6569,3813.1391,11308.0512,120.1842,26.0002,576.1585,11.5443283,16.0916,27.9698959,0,0,0,0,0,22.322048,42.0584825,0,65.2997,45.9502,8.3846481,10.27690735,0,0,48.121239,1144.3352,14542.1322
689F,0,670.4777,2612.0207,2011.3137,46.7178,0,0,29496.2587,4887.3953,52083.6537,355.0592,63.0891,143.436,0,159.4796,46387.871400000004,20380.9309,0,225.4116,28.2553,43.7468721,14729.085,0,0,38.0079846,7591.7796,13505.5218
1191T,0,29662.843,3279.4317,25828.7043,171.181,16746.6828,2121.6661,233.7024468,79.8923,44.9722681,7.6109,53.0383,18.6801,0,67.3295,80.9160004,89.1034799,15621.568,596.8604,98.8781,1029.3013,399.0114047,221.9114,25.8664,286.9824563,33718.4797,12881.8172
759B,0,10063.1812,1300.7396,15113.3277,10.4125,6.6822,0,33474.9814,2249.9965,44771.3915,66.5592,41.2424,40.2259,0,96.5907,115113.0598,32077.5362,17.5198,110.201,93.1962,5708.2538,17486.2984,31.4988,0,9037.1271,159913.3747,12659.644
928B,16.8472,16270.67,1926.7297,12210.3746,12.2676,41.6548,9.9941,34907.299,222.9394,77051.5448,59.2842,91.2117,32.9834,0,14.2378,82949.0548,5337.5784,0,130.8063,133.527,644.738,7644.448,23.7841,0,1066.753,35019.6758,12410.7695
1705W,5.1447,2903.1886,1227.0377,10879.9777,23.4329,0,0,138.4614714,211.5373,156.0759474,8.6875,0,0,0,0,1587.1651,4919.0538,5.7008,47.1896,116.5231,117.1847017,97.3729478,0,0,3201.3737,45896.2192,12401.2341
563D,5.2821,6820.0274,745.7725,37782.2506,65.3614,17.3431,27.242,204.3218341,1155.4476,305.25059,221.3839,0,8.8832,0,67.0007,3273.8338,9707.9976,0,114.3481,169.0882,3460.0374,5537.4999,5.8911,0,10220.0153,47537.8222,11803.9859
449C,7.6037,9445.7726,1496.0798,9188.7322,0,1385.185,169.9395,462.2158716,8.2098,7171.0999,18.8486,337.5512,222.1109,0,0,3621.8208,139.4056741,15.3696,420.5693,55.3189,23.877331,5217.0892,153.6398,0,96.8642353,63704.201,11711.739
FMT.0147H,0,85.7015425,1279.7758,24.0522,13.149,0,9.5974,144.1686838,267.6292,837.8662,222.7874,0,16.4327,0,0,827.3979,9505.1961,0,45.6898,6.1242,0,192.0512484,0,0,9.9826391,4301.0384,11556.4612
2035D,9.2215,11501.6662,998.1775,23718.4257,16.0672,406.495,115.0769,11138.7466,1542.8036,15699.2568,55.49,311.1983,288.3012,0,44.1726,82471.7492,18841.833,0,273.8688,307.1514,50.8143343,8167.3921,21.0089,0,135.8071692,39349.1107,10822.3922
755D,0,2572.9413,1349.1938,5789.5319,26.2914,44.2247,61.8798,196.9084371,28.87,271.8683456,31.22,0,8.9097,0,0,1847.6232,1017.9039,0,63.4714,0,23.3303127,201.3563732,0,0,87.0883741,27438.264,10458.9114
FMT.0191O,9.282,15232.2472,2379.5337,29777.1477,90.2883,210.7922,17.4537,93.0899158,19.4693,49.69114435,5.464,0,0,0,0,131.9762616,22.5868376,43.9272,134.1335,142.3117,14.2505919,16.4847477,0,0,14.2826229,36573.3707,10275.416
1839K,0,1172.3748,730.6057,7312.3027,15.8783,10.588,13.2952,5.1132153,326.2841,228.1791215,52.0166,0,0,0,0,1468.0035,7058.2082,0,19.618,107.3838,0,381.3339648,0,0,57.4358538,19468.8343,9734.0784
1460O,46.4369,15901.0679,111.5961,41628.0466,0,47.36,0,242.2458263,0,532.4683,0,0,0,0,15.1723,1973.714,96.2627643,28.5067,0,257.2322,53.6640256,688.6831,0,0,324.8801119,165999.3048,9624.5548
1789J,0,2299.9867,1277.3865,16754.2962,51.4759,0,31.1836,107.5946203,4291.2582,38.7730143,403.044,0,0,0,49.9705,83.8788679,24317.7238,0,34.1527,158.2719,718.9856,546.1246,0,0,3876.2427,7198.5634,9516.5216
2260D,9.8528,4099.6284,215.7675,41842.0214,25.2502,35.315,8.6353,183.3415291,1508.435,261.1150964,438.4921,0,26.7108,0,44.4902,10456.9043,44420.8391,0,24.8963,351.1611,1104.7427,4708.9629,0,0,7114.707,92084.746,9503.3912
2182F,8.7187,3770.1549,436.8026,2900.2255,37.9807,11589.1331,250.6302,627.9428,31.3366,587.1113,0,153.1557,11.8462,8.8327,104.4869,1319.2317,94.5444791,19131.8613,1350.7199,79.068,92.743981,78.63367115,17.0394,0,138.6646903,19260.3419,9232.0061
1846E,0,2093.4789,812.5973,16147.8477,20.8276,0,6.2103,917.0559,2948.9107,2035.6691,98.0531,0,60.6424,0,96.2483,31782.4445,70143.456,0,31.2457,247.8936,2504.8237,1696.3973,0,0,8962.3259,16967.5329,8632.3734
1195DD,0,2482.673,1108.6389,15263.4196,21.8337,0,7.6619,173.8290339,1603.2569,177.9840739,82.2611,0,5.0585,0,43.224,779.4697,11106.4119,0,68.481,78.7903,7830.9788,5133.3038,0,0,15995.343,3164.23,8594.4209
1810C,7.6966,989.1581,813.0678,9838.0762,16.4087,16.4536,8.7392,38291.033,2520.8655,98979.3706,153.7308,24.9678,72.3567,0,89.6754,73841.7129,26146.3485,0,183.2256,77.6527,112.2316414,12741.9191,0,0,185.6143065,18597.349,8401.5519
816B,0,31.7989173,2989.0439,14132.3101,1139.9302,12.5234,3715.0369,25.8589822,13.5949,3204.0709,337.9646,8.9009,21.8748,0,18.3988,13.5996508,25.2592907,0,1933.6972,30.5699,0,197.956155,0,0,0,26.9197672,7992.5667
FMT.0243H,12.9026,4808.6442,656.1054,6211.6134,19.3706,7.5515,11.7683,14110.7577,78.3933,67223.8951,36.8502,111.8272,30.1422,0,7.683,108057.6227,1988.133,7.2056,105.446,116.3812,0,0,0,0,13.9779725,109100.1134,7892.0809
1366U,22.2326,28234.2235,1005.8818,198867.4908,128.3004,57.3577,7.4895,934.8472,1664.7406,4375.2116,254.7985,0,28.4114,0,91.0245,9739.4459,9121.5734,9.5716,96.7,653.3896,11260.1634,16914.4135,0,0,15066.5957,96500.3533,7890.1359
1243Q,0,3329.8755,768.5883,7009.9411,43.8141,6.452,0,16585.669,11356.727,35517.2689,261.4633,33.0387,67.0384,0,308.402,35373.3742,95498.7692,0,25.6371,31.3748,2835.1148,4443.2673,0,0,4841.705,22914.4906,7170.7306
1567J,0,24080.9032,1251.3371,30603.2776,38.2824,503.0629,36.2865,6684.3321,858.1258,16361.3239,91.0894,56.3123,35.3226,0,115.1557,8265.3916,5041.9166,460.8402,106.964,155.1591,404.7323272,2615.376,10.9975,0,264.0560901,69390.7156,6989.6239
817C,0,3366.8928,781.4388,5549.827,5.1664,61.9686,126.6344,45.7804847,198.3174,20.5959208,0,0,0,0,0,229.7701077,1513.0722,0,58.6264,34.5847,178.3945191,17.28900335,0,0,3989.631,21056.7951,6502.956
1896F,0,8320.2146,557.7317,51933.5913,12.2881,44.1087,15.5474,427.026615,625.3495,945.7368,32.7068,0,0,0,49.5625,4389.6205,4891.1407,5.4318,66.8055,206.4142,4070.2828,2729.0942,0,0,11789.1391,21491.3097,6436.7156
FMT.0147M,0,1534.1322,273.4459,4378.2592,22.1217,0,9.2237,889.0952,1137.8365,4291.2519,450.8682,0,6.4389,0,20.0484,3811.4985,26320.308,0,12.7686,41.2045,191.3168922,893.3289,0,0,533.131,20252.3558,6418.6239
1366N,5.9042,2982.1383,1522.0513,64499.0162,46.0766,0,5.4552,165.1653602,559.9261,1198.5342,61.7007,0,0,0,11.3579,284.6943752,1648.3866,0,224.7357,220.7029,2717.3006,1210.2939,0,0,11637.2739,3084.7097,6309.8441
2158B,0,163.3863217,677.3703,2377.8167,40.008,0,5.4747,2969.3464,5940.4668,13432.0341,848.9073,0,109.9543,0,85.2525,16248.6711,66773.9945,0,23.363,11.55,535.4913,2547.8318,0,0,1512.7536,325.3691185,6264.8282
2151E,15.981,12905.7244,210.3455,32438.1488,6.4033,1119.5471,70.6482,664.8087,411.5835,329.1485965,31.1169,34.9465,134.0332,0,72.1748,7456.2214,9310.0344,9.7993,42.8578,182.7806,3587.8919,3996.2498,167.4103,49.8243,12353.2882,239559.5054,5795.0918
948E,0,32.407128,81.2444,801.2349,38.5228,0,0,18339.0236,4322.9796,97658.0359,644.3624,120.6601,211.7165,0,513.7122,58382.4754,94153.7607,0,9.6398,8.4124,3734.6852,16902.0879,44.965,0,4855.5287,190.7269507,5448.8644
2133D,6.0233,50189.8328,576.8504,63854.8127,18.4349,223.8062,0,30694.0181,633.8444,20505.0237,30.2355,10.0665,0,11.3964,73.3816,90635.6075,3394.8951,22.526,234.3832,300.8886,213.9581825,8941.3324,0,0,324.3263315,96350.1227,5405.7857
2418K,11.3992,13927.1146,250.0383,21030.3855,34.5526,24648.2261,41.8558,30.7689786,9.7096,6.00103535,5.2147,18.2932,0,0,6.5129,2938.2802,14.321416,9948.4021,264.0999,146.4134,14.3687507,88.1719878,50.972,0,51.5595889,156321.7121,5273.1471
1842U,0,4041.305,270.1153,3704.336,0,0,0,32129.6202,847.8845,70960.4808,66.8648,33.5279,13.9223,0,54.3469,43885.991,5595.5645,0,13.6359,102.0492,3902.4401,6436.5747,0,0,6397.7439,21610.4533,5136.8921
613K,16.9153,4720.4185,2161.775,24161.8265,42.5242,383.9983,1097.1984,17904.2208,3065.643,22041.2841,215.5401,1671.6996,3041.8236,0,190.1018,40863.1804,13226.0987,0,448.8955,99.3092,11.9258531,41.20017105,0,0,15.0499433,9021.9553,4600.9552
1975F,0,25.0366607,77.1394,13.5377,0,357.7739,601.1524,0,0,0,0,0,0,21.489,236.915,85.4651142,62.3387322,10293.8666,4931.6644,27.5289,0,0,0,0,0,7378.3524,4597.2417
1024E,0,3435.3151,272.9821,2856.4949,11.5882,7.8654,0,13.9096397,0,8.47765805,0,0,0,0,0,45.8865429,101.36032,0,24.6471,36.3255,1872.779,1143.6765,0,0,4323.9716,17970.1971,4571.8902
1326I,0,648.6082,25.2461,1051.042,0,0,0,10873.5217,3542.1004,8826.0708,49.7276,9.3239,35.4418,0,90.2071,59792.5738,56065.8311,0,6.0203,18.6649,1883.231,1625.6622,0,0,5071.6724,37303.63,4232.1328
284D,0,188.5280055,725.1643,2306.1464,13.788,0,21.2646,0,1134.7574,8.1449088,88.2528,0,0,0,0,10.7542303,4278.8135,0,36.2032,9.6565,362.2364436,345.1204992,0,0,1361.3363,117.625872,4210.9321
1975E,5.7563,7.2185108,216.8926,45.9024,5.2871,161.6473,475.1685,0,12.8583,0,0,0,47.1145,0,149.3855,214.5774485,1063.5158,2330.8643,4726.6775,78.014,0,0,0,0,0,8229.2938,4171.5481
FMT.0216G,0,20083.6915,428.2635,58607.4361,65.8378,8.716,0,126.5071463,0,111.9453037,0,0,0,0,0,203.1580411,25.6052255,6.8289,23.5891,253.2461,465.104356,528.5229,0,0,605.1784,27166.7598,4090.3749
2163H,0,739.5117,285.5778,19780.7821,16.5075,0,0,0,77.0594,51.7331321,25.3234,0,0,0,0,21.1995394,393.4531444,0,19.6448,97.9376,19.8873361,49.8516883,0,0,1795.8668,11600.7126,4075.4191
1252Q,5.5575,1516.0896,183.8328,8396.5538,11.1812,0,11.9187,103.4608418,1017.7247,84.596406150000007,125.9464,0,28.0212,0,63.5116,6020.4188,12946.778,6.0598,35.0859,161.576,716.4398,1458.8508,0,0,6574.6962,26271.0291,3967.36
FMT.0222S,0,3581.1637,212.3149,33058.8404,15.2477,0,6.613,184.6042623,529.3749,696.3391,116.4795,0,0,0,21.8775,8726.5639,6215.8313,0,27.5003,125.0014,3117.7409,4786.7035,0,0,5183.9193,11992.4104,3785.2114
1814X,0,2659.4189,20.3587,40233.8048,6.3674,7.8975,0,51617.85,927.9215,75286.7769,108.1737,86.8067,0,0,151.3878,206582.9267,8720.1191,0,11.4974,123.2916,13261.0402,23654.9437,30.3642,7.7211,28332.3585,9151.5699,3771.3561
FMT.0220E,6.7873,566.8728,89.8829,538.3732,6.4492,15033.2631,99.3388,257.7908265,0,151.578167,0,194.3375,0,22.7274,81.4994,295.603422,13.7487729,20250.4601,333.5147,32.4285,22.8235111,16.29258245,22.2949,20.849,26.2020698,5652.1014,3694.6824
668T,0,8529.1658,204.3394,17576.7447,12.3143,6607.4249,835.663,221.9563232,10.1255,1200.4568,0,454.3205,56.9714,0,85.022,405.5462705,96.5104707,237.3283,2777.5239,86.5298,37.9168742,231.3564838,250.3366,0,155.5197584,47507.9356,3681.8961
FMT.0073P,0,18.3590381,24.4167,245.4186,0,0,0,38091.7014,5541.145,101398.6204,166.1282,73.0559,102.7014,0,156.6647,133336.3623,43621.991,0,5.6259,0,4034.1464,9952.3785,8.0946,0,9773.9034,2229.5535,3510.2003
1511K,0,101.5827279,85.5719,77.1767,0,0,0,29536.376,4963.4422,45241.4535,221.1484,42.5202,63.4358,0,198.8974,74580.8197,38174.0187,0,6.1032,0,5455.1495,8336.008,0,0,9076.5833,5037.6957,3434.1841
274D,0,3890.3829,844.5541,111.1153,0,19.256,46.6349,7398.3517,799.4021,7001.42,38.5816,40.2789,114.4146,0,41.978,14219.9843,4666.2734,0,61.5928,11.5489,45.5850956,4276.8349,35.6128,0,58.5046215,11362.7599,3431.9882
2147I,0,17.2441775,0,49.7201,0,0,0,19735.8273,1038.9047,44863.4555,16.9906,48.8244,26.0126,0,153.6434,155033.7807,28128.0361,0,6.3114,0,3787.1552,9168.3029,14.6527,0,19715.0719,20456.7352,3196.8483
FMT.0192P,0,3696.9348,515.1433,3106.4399,5.686,669.7893,242.7085,5111.8416,669.9422,7500.2988,31.7632,1338.1093,789.8998,7.2777,528.4555,15675.4804,6894.8077,53.4348,479.0209,38.0758,189.317446,2042.6818,120.713,0,946.8748,25267.0322,3095.273
2285G,0,25.8233722,0,59.7748,0,0,0,12153.5607,461.8725,32483.5132,43.9288,37.3254,13.0196,0,84.268,121408.5779,14249.2151,0,10.0376,0,1548.877,4035.5287,0,0,10357.9501,3798.2243,3089.3548
1577J,5.8027,11236.7145,336.031,8000.6692,0,0,0,169669.4795,1198.6179,106512.7339,20.1529,134.9707,16.9405,9.1266,154.284,136115.4247,6663.3507,5.3111,46.1566,63.6267,4767.8385,16585.8247,0,5.907,2295.7262,45493.5163,3088.9472
983C,0,30.5694161,7.0979,115.0349,0,0,0,32922.5411,1099.261,50307.8793,74.1928,27.7384,13.02,0,225.8052,194914.4646,23091.8401,0,0,0,4627.0704,6867.3663,0,0,20310.4773,13663.2497,3047.1286
2323H,0,2374.5341,358.9871,1636.0186,8.1463,0,0,46392.7396,4128.2861,49560.8797,148.5675,64.8169,52.9643,0,185.2602,101148.3332,44143.5035,0,17.9819,8.3493,7604.3597,9921.6826,21.886,7.0898,13835.2606,6028.2808000000005,2901.3481
2090E,0,238.4212873,57.5053,240.4729,0,0,17.6782,20696.2894,1484.588,26836.892,87.1488,907.7916,583.7412,0,221.2689,95189.6782,36872.8227,0,9.4623,0,7372.0631,12452.5123,359.1103,6.062,30937.3478,1994.5405,2838.0232
2119G,5.8488,36.1894984,12.2092,500.8832,0,0,0,30195.3597,1364.5276,42964.9775,103.8065,42.9426,28.8549,0,150.3191,125083.2351,18894.9311,0,0,0,8619.4986,13146.0058,21.2736,0,23433.2572,9734.2726,2795.7828
179D,11.3985,123.7729933,4666.9772,729.4588,816.3529,10202.6664,6441.712,14.0356283,0,9.9929601,0,0,6.4867,0,7.0166,0,0,2080.8297,2756.1743,5.6125,0,5.3162144,0,0,0,257.5366456,2617.2272
FMT.0004B,6.5624,2091.7838,224.7104,721.648,0,28.9889,9.295,45758.261,1357.9674,77763.0921,41.6231,431.8761,77.3754,0,151.4364,233786.6626,17535.2495,8.1458,64.8726,63.9826,93.9483466,9612.8972,57.5888,0,174.010187,48788.2732,2593.2565
1351K,12.3499,26820.1781,95.9439,79850.8012,7.4003,150.9725,0,4514.1003,2745.4802,10105.3216,222.79,9.6809,19.1858,0,63.2052,63766.9343,30381.9411,0,5.969,829.767,6989.7407,13331.5041,0,0,13144.7072,69725.7201,2588.8004
FMT.0185O,0,802.1148,195.2901,69.6604,0,0,0,22186.0662,3227.971,24981.2319,97.3408,99.9529,106.6349,0,162.3887,85524.7479,32680.9659,0,11.3336,26.6874,9668.1976,12554.3492,113.7902,0,24182.3388,27871.4531,2577.1231
1987F,0,1203.2858,113.6685,5946.0732,0,0,0,218.3240078,628.5018,323.5143086,76.6936,0,0,0,8.3526,6433.3024,11931.051,0,12.6358,146.2919,694.1519,980.4951,0,0,3098.9327,8784.1583,2564.6311
FMT.0010E,0,321.9604311,305.0547,2889.0974,0,6.1289,16.7014,2433.8194,1122.8306,3766.8228,48.8089,18.4198,109.6158,0,23.7068,24169.1359,15969.9009,0,9.5925,10.8564,527.9442,1331.9026,14.7459,0,2383.0496,1506.19,2471.2612
678E,0,9428.8236,198.3855,5180.0783,0,10.0519,0,4070.0844,1431.1523,7813.0622,33.4061,0,35.094,0,49.2989,13417.8236,15636.6765,0,17.8234,47.3214,8948.324,3350.6008,0,0,12480.8008,29312.6671,2413.2357
1262E,5.1327,7281.0418,169.8649,27951.6483,7.7723,10.1081,5.5042,3094.7272,2890.311,2202.048,118.7579,0,18.034300000000002,0,150.078,24544.794,13547.8609,0,42.4443,125.6813,5971.6838,9703.0734,0,0,5804.0193,22632.528,2357.6845
FMT.0112W,0,2631.7848,594.9996,14881.7594,45.1548,23.3605,9.5719,832.9743,522.4978,1254.9248,72.3002,0,8.2538,0,18.3709,790.6462,1945.3814,0,18.219,49.4926,2143.5597,2839.0959,0,0,928.1593,1079.43,2277.2109
723F,18.2488,31.541553,5.3195,768.5448,0,0,0,70060.7512,1177.0849,190361.6031,124.3001,92.3794,21.4981,6.049,125.4158,92600.0895,5025.4989,0,5.7612,13.0938,5625.5436,15444.2214,0,0,5330.4059,13157.2606,2252.3742
663D,0,10850.5218,541.9937,6405.774,0,31.7463,0,62357.7615,1647.5366,74326.8254,101.5057,32.5493,26.3501,0,125.6861,63470.3697,7155.8987,8.5785,21.475,54.193600000000004,1889.5124,12447.6798,0,0,1247.7853,68211.0906,2210.2264
1341A,0,504.8932,12.22,51.0169,0,20.6542,0,15830.9507,1922.5629,23518.4845,218.4406,87.019,77.4894,6.4109,203.1452,87309.501,41984.7306,147.9393,12.0363,9.8325,2228.1585,2793.6566,16.2746,0,4552.3349,70460.5651,2153.1257
FMT.0243J,0,921.9534,201.5499,1077.8547,7.5215,0,7.7482,2326.9413,119.6148,8255.2139,30.1417,11.1069,6.9137,0,0,14377.1663,3592.7123,0,12.4674,25.1828,0,0,0,0,0,14351.6227,2126.084
FMT.0067M,0,110.5481614,17.7037,91.6461,0,0,0,11538.0958,3737.9597,33985.9845,121.2194,22.0173,75.1648,0,124.8967,61849.6094,32792.4323,0,0,0,3513.3391,13008.4518,0,0,14782.6625,22333.0416,2102.8802
FMT.0062V,0,31.264569,34.4291,175.2122,8.9584,0,0,8999.16,3606.9397,35154.1021,416.0071,6.4079,37.8268,0,134.268,23869.8315,36036.7067,0,5.3077,0,1858.8795,5277.761,0,0,2544.3165,2499.9207,2099.7549
896E,0,8.5488034,150.0567,54.021,5.7275,0,0,4033.5516,3933.8374,10395.2074,456.6339,0,29.5901,0,134.0647,14502.391,31311.3865,0,10.3513,0,556.7657,1677.3631,0,0,2099.3702,171.0693853,2071.5485
563C,0,5324.4099,33.1612,15827.1003,0,141.3987,10.4342,26455.9513,2536.1171,59948.122,143.7948,625.3427,344.246,0,191.5487,89898.7091,25898.9019,7.5236,6.7602,49.1116,11057.8256,25149.1711,360.973,7.1666,23338.1552,91481.8481,1996.0425
FMT.0039B,0,45.5161652,41.1178,128.977,0,0,0,12109.1441,7315.552,23854.8502,187.1062,22.2962,138.1314,0,265.4427,68903.4502,64631.1682,0,5.8458,0,2024.212,5262.9859,0,0,8834.9766,5285.9877,1976.8897
FMT.0199B,0,941.0441,191.9153,7553.1159,0,13.8849,6.9655,1306.585,13.152,3099.8584,7.3791,0,0,0,0,6146.3694,202.3195407,0,75.4597,36.464,203.5505988,484.0869408,0,0,544.4932,14522.4642,1851.4313
FMT.0229K,0,364.7229137,9.7964,1208.9036,0,0,0,17454.8905,1489.1293,26715.806,67.898,0,17.231,0,107.0257,67860.6619,19477.0233,0,8.0521,8.244,2281.2881,3672.087,0,0,5585.4411,3390.9046,1840.4572
862D,0,3190.3022,132.3263,7610.4942,7.9312,27.9519,0,1567.0153,592.6606,4366.8205,46.7128,0,18.2204,0,56.443600000000004,13585.4435,8930.438,0,15.9692,46.631,2658.931,2876.9551,0,0,8421.5365,25144.3718,1779.2721
FMT.0194R,0,38.2214838,5.3487,44.3517,0,0,0,14366.3266,881.659,31574.85,52.8247,12.5344,17.9305,0,89.8921,88426.8241,18971.3432,0,0,0,4214.5827,9690.8232,0,0,17122.9534,3336.6293,1767.6405
2181L,0,59.5446354,14.0644,148.2509,0,0,0,12966.9331,1216.2114,17876.795,46.1744,28.2253,22.131,0,82.5041,78559.3179,23120.956,0,0,7.4698,2295.963,2671.4014,0,0,6608.5221,4705.2374,1755.0244
2147E,0,21.897124,0,143.3944,0,0,0,10349.7267,972.0868,16678.9125,69.8886,12.7373,20.8837,0,93.674,107239.4932,27045.151,0,0,0,1451.7431,2116.8212,5.5505,0,8883.118,5634.2417,1671.4227
FMT.0122J,0,5.4315793,15.2609,22.8185,0,0,14.5242,7975.109,1437.6693,3640.2711,33.0939,697.6364,900.7611,0,282.6981,44933.8375,34524.5853,0,0,0,1165.2246,515.7008,258.3796,0,2881.1559,127.8460421,1580.1889
FMT.0205K,0,2531.9724,212.7775,2624.4396,0,0,0,17722.145,591.6423,27277.3902,28.7528,7.208,0,0,37.5146,26835.3157,3393.5744,0,22.1353,16.2001,257.4673134,2379.0938,0,0,309.6130696,7340.6446,1515.3814
939C,0,0,30.7846,620.2794,6.7979,0,0,0,76.7596,8.2893065,41.9537,0,0,0,0,72.5961261,2735.8774,0,0,0,0,48.20099965,0,0,48.7255572,0,1508.3442
FMT.0200K,0,939.9552,250.629,4346.014,17.7566,2620.1146,79.2928,0,0,0,0,0,0,0,0,8.3017234,0,483.2758,93.1445,31.411,0,20.1332566,0,0,0,7094.8826,1467.5257
1108G,0,271.10578400000003,10.2409,21.3396,0,0,0,3635.5266,1245.6787,4946.6081,72.8965,0,18.8996,0,54.5943,22216.66,22943.7886,11.5149,0,0,868.1771,1363.828,0,0,4306.2822,58331.9436,1451.0458
1766O,0,15227.9265,73.3418,24365.421,0,52.5088,0,5975.0047,1226.8133,4387.1593,30.9195,5.7168,12.2827,0,63.0009,25565.6031,6769.7237,0,6.8343,131.3552,7198.1158,4495.9157,0,0,7539.6023,30122.9724,1434.7608
FMT.0118C,0,185.7620125,13.2478,117.3153,0,0,0,22518.3294,2684.6193,59848.0551,199.0582,0,26.4885,0,114.1664,85335.4347,28914.6036,0,0,0,4003.6551,10342.5411,0,0,10415.8636,31260.4073,1413.3841
1705N,0,29.8246369,6.2382,119.7443,0,0,0,29534.5634,1742.0075,61989.6705,64.1724,42.0736,18.4845,0,76.7439,79636.9183,11920.6943,0,0,0,4612.299,9619.5494,0,0,8545.8647,10975.4957,1410.6513
1063C,0,259.0061996,224.0498,3727.1416,5.3111,0,10.7596,324.4452021,103.8249,614.2393,16.229,0,0,0,11.0465,3344.8776,1220.3819,0,47.0347,7.8885,45.7666046,809.9821,0,0,297.4380865,3778.1735,1400.9884
1252CC,0,2265.3304,79.9296,2449.3076,0,0,0,0,74.4105,0,0,0,0,0,0,16.3838565,517.7743529,0,12.7973,9.7585,394.7016416,111.1941126,0,0,1366.123,38740.4777,1303.99
1101P,0,16.9514208,5.0587,50.0577,0,0,0,19199.1169,2106.1056,48599.1236,131.7925,96.388,67.5225,0,79.7606,84725.6614,33161.5383,0,0,0,3753.4212,8075.9356,51.4584,0,8628.3876,9789.5202,1264.8086
973B,0,15.1448696,17.8506,122.5019,0,0,0,23709.2228,2777.2553,31294.7495,100.9194,0,33.4179,0,131.2673,72543.1424,17838.646,0,0,0,6784.9744,9548.9827,0,0,14310.2477,3149.9279,1258.4761
2180G,0,10.0479793,8.2237,112.3041,0,0,0,26401.2101,1621.7629,43280.4125,64.511,38.9587,15.398,0,67.5071,55101.5092,12349.1039,0,0,0,8906.4454,13987.431,24.9405,0,11278.9096,1356.2763,1175.8488
FMT.0146D,0,193.1832602,16.1318,163.2972,0,0,0,6802.5947,1563.377,16095.1029,94.0764,34.0424,61.8532,0,84.5459,43765.8793,24971.2252,0,0,0,1518.326,2792.7231,17.6108,0,4596.4778,34989.5228,1168.6939
1246H,0,155.3780218,35.1093,3562.1278,6.1714,0,0,14129.5376,1454.9004,24230.7106,58.9355,29.1156,32.8245,0,92.9454,62796.4576,21342.5104,0,0,29.8993,4251.7235,8156.4243,18.7163,0,11033.0472,2139.9773,1152.3437
1814M,0,414.5492577,16.2026,8103.1554,0,14.6947,0,55289.092,1826.353,107504.1466,128.3236,709.5112,267.3584,0,169.9348,75863.5236,8052.5147,0,0,43.2088,5484.0132,13878.7824,115.1521,0,6437.7791,231.4689889,1103.1302
1345K,8.1478,4579.5727,194.5236,41684.7789,17.9941,44.4066,0,836.0882,10.8351,928.1729,0,0,0,0,0,2296.7276,276.0915604,9.1726,0,259.645,3426.0961,6950.9722,0,8.2094,10991.4805,39057.585,1087.6441
641F,0,17604.4229,113.5169,65458.2129,0,11.5319,0,867.4968,870.1106,1943.2677,70.9814,0,0,0,79.6979,8929.2257,2973.3784,0,21.6689,220.0258,7789.992,11444.2007,0,0,5895.9667,28678.6823,992.0247
2344D,0,111.7999752,43.8464,1155.2435,0,0,0,152.2155828,30.1328,182.7428558,0,0,0,0,6.9232,765.9678,513.9247,0,15.6316,20.3645,5.608984,20.25477135,0,0,27.8865445,6188.7826,969.962
1742J,0,219.4855839,156.7393,615.2977,0,0,0,1370.12,957.3448,2700.9627,61.571,0,0,0,10.0572,4790.8538,8383.3145,0,0,0,284.0412987,760.2673,0,0,696.3405,534.2329,944.9438
1339H,0,1126.2913,31.4653,4023.7772,0,9.2721,0,8731.0321,745.847,25147.3428,94.9547,12.2165,0,0,41.7399,25671.4094,8317.0712,0,5.2242,18.76,878.5495,1856.3284,0,0,1717.7858,5771.0004,912.5646
FMT.0067K,0,8.4984077,5.4871,20.6183,0,0,0,5096.5001,1664.6213,15206.0698,80.7666,7.0938,21.2104,0,53.4018,21355.2782,13455.0346,0,0,0,1020.5963,3910.7834,0,0,3742.2127,1474.881,886.1372
1606G,0,186.7830063,14.2542,1995.898,0,0,0,2768.7048,714.4912,10883.6079,112.9122,28.9309,64.1913,0,71.4146,21912.4169,9500.261,0,0,10.8361,1335.7262,4311.443,41.4996,0,6657.2885,4643.9085,814.4414
613S,0,7.4843385,13.1629,156.2612,5.4756,0,0,18225.7492,2741.7045,71979.411,496.2436,0,37.3768,0,100.9673,30120.2005,18862.5669,0,0,0,2649.5713,9372.0489,0,0,2835.9994,1872.1975,796.5338
FMT.0216F,0,5496.3065,135.6195,1207.2157,0,37.5704,0,18154.3311,413.9745,29692.8402,22.8219,0,0,0,28.0971,20933.4687,1613.9208,5.2488,8.4471,37.6281,117.7847491,4935.7592,0,0,78.4513929,48581.5092,758.2293
1861E,6.338,54.3719592,0,935.5986,0,0,0,33684.3199,184.6306,87325.5132,16.562,10.6031,0,0,53.337,54040.4279,1433.913,0,0,7.5299,2757.6005,7018.54,0,0,3047.7484,2597.8957,732.1344
1893H,0,0,0,14.0793,0,0,0,6085.1588,645.516,6617.5679,29.295,277.17,187.0254,0,34.7501,25301.5365,11891.6936,0,0,0,1774.0307,1819.9249,145.9006,0,4328.2951,158.2036003,731.8415
223D,0,10565.3825,7285.4261,55102.7841,331.138,78.2817,625.7154,595.0353,1227.7522,526.1494,156.6246,0,0,0,7.3132,18.5918601,45.1039188,0,125.1995,77.218,2813.9555,945.8578,0,0,348.9329016,246.792744,717.8014
2102C,5.1056,1935.9369,1235.3367,6555.7352,91.9076,0,0,131.0790377,0,108.8036406,0,0,0,0,0,49.9676482,0,19.4757,45.0961,57.6533,20.6767223,21.0435779,0,0,7.7333511,7598.6074,681.3867
1096,0,921.2463,427.1448,5376.6601,41.2802,6411.4856,802.5801,54.9217762,0,36.47740665,0,33.6126,7.938,0,8.5423,48.2739201,6.7428814,3079.0617,993.9587,26.5571,15.4368066,102.983064,22.2087,0,12.5479663,2216.3343,602.7205
FMT.0090P,0,0,19.8298,27.0048,0,0,0,2860.9914,1699.9751,5537.7022,154.021,0,33.2202,0,26.8402,6770.1979,10882.6799,0,0,0,1341.785,3443.3967,0,0,2785.3535,117.5777845,571.9407
1690K,0,6.5572115,17.2929,147.7244,0,0,0,20102.4837,2247.62,40187.0688,127.801,14.3039,20.5228,0,63.3939,29251.883,9903.3209,0,0,0,3157.821,6867.9537,0,0,3656.4566,844.5774,531.16010000000006
1824K,0,6.1363497,0,34.2889,0,0,0,4902.7469,368.0375,14371.6276,42.3095,0,6.7614,0,20.2397,27227.0734,8868.6589,0,0,0,504.039816,1321.6925,0,0,1533.216,2694.2435,513.9485
1628C,0,17852.6204,39.9046,35151.2919,0,120.4242,0,1515.2237,802.4193,2818.7261,71.8874,0,18.3012,0,14.7983,4845.3184,2058.5929,0,0,94.6134,5777.1213,5417.2783,0,0,2122.2601,21495.4748,445.5953171
1049,6.1769,1231.312,2615.2976,18239.7177,118.7294,398.8951,1200.4477,153.8655352,240.2277,6017.9796,116.0652,118.7091,639.9498,0,0,25.1731629,24.8023151,0,271.4201,57.9887,12.7985199,638.5156,12.1489,0,0,89.6914267,450.8041551
836D,0,0,5.0798,64.4804,0,0,0,8955.2792,695.1607,31565.7547,56.6147,0,0,0,23.2193,23893.7768,4788.7237,0,0,0,744.0753,3259.9156,0,0,1609.5446,244.2075471,467.4620498
1671I,0,272.0733045,5.325,2437.1072,0,0,0,7938.6244,283.2322,30593.0131,18.5511,5.174,0,0,60.9663,33394.3458,2070.9353,8.6578,0,18.0659,1008.3041,3474.7308,0,0,2589.4041,22989.3772,377.9558243
1873K,0,3076.3592,35.7947,5887.6584,0,19.7221,0,3974.2433,77.3434,1669.5219,0,0,0,0,16.2365,23447.4072,710.6952,0,8.6639,7.8363,218.9706781,693.228,0,0,237.8650532,7090.5757,375.9830827
1372N,0,521.421,33.5706,18478.6494,0,0,0,36.518899,164.4693,796.9613,37.9458,0,0,0,6.8523,2048.9235,1342.8342,0,0,32.4563,461.0346395,2122.2397,0,0,953.7271,3369.7346,357.4967089
1606H,0,73.0845366,11.8031,1784.5319,0,0,0,2097.3123,706.9199,22587.1237,145.0614,16.7501,41.5708,0,56.2707,5550.843,4721.4054,0,0,8.4642,842.7656,6312.7045,12.1336,0,2213.6897,577.9388,358.1372344
1789P,10.5141,6107.229,200.7958,8331.373,0,29545.0385,0,83.9137461,10.1907,93.47194155,0,34.959,0,7.9392,11.3196,282.2845763,34.5347565,53585.7958,20.2424,54.5399,139.8644292,388.2140301,225.3657,93.3994,279.089662,51626.4168,366.0578227
1124D,0,33.6393221,64.1688,34.2117,0,0,0,3196.9346,307.9578,5305.7401,23.2131,8.2166,8.1576,0,10.2049,5719.7638,1636.3905,0,0,0,389.041408,1496.5556,0,0,570.3275,802.2866,251.3106608
1176AA,0,1379.5178,1489.4876,12335.9299,40.5822,0,6.6586,414.6765291,1397.0443,161.6370385,79.8568,0,0,0,39.4452,7.0144331,61.577818,0,79.9788,31.1348,3317.9248,3287.1198,0,0,35.3202278,0,215.139628
633E,10.9935,17.534626,14013.0212,23.3845,4195.1942,4304.3971,1939.9376,0,0,0,0,0,0,0,10.5922,0,9.5302902,2838.6273,353.4294,0,0,0,0,0,0,0,263.9299749
2244H,0,0,0,26.326,0,0,0,1466.8652,101.1748,7476.183,28.296,0,0,0,8.2792,8233.4981,2202.9652,0,0,0,262.0908103,1401.0816,0,0,960.6387,68.8171799,183.1764438
FMT.0189P,0,46.3725074,0,116.0971,0,0,0,14949.9583,613.2914,29872.8633,30.7388,0,0,0,62.4816,20860.655,1809.3274,0,0,0,2160.8161,4295.2291,0,0,2217.6793,4934.2805,169.721946
575D,0,828.8757,11.2194,2037.1105,0,0,0,18501.6447,1269.3647,27528.7929,105.1771,30.9518,0,0,140.584,31808.7588,5283.1866,0,0,5.9813,10150.8555,14149.7357,53.6859,10.5572,10413.3971,650.4335,169.4057226
FMT.0101L,0,75.4658296,0,12.3658,0,0,0,2190.0453,763.9693,2490.0048,30.6343,216.315,405.5114,0,80.1074,5128.3197,5381.5227,0,0,0,539.6715,1044.9881,76.7771,0,1836.69,11474.4609,149.782945
1015D,0,136.2988253,0,164.8058,0,0,0,2926.6874,179.6039,7955.1382,25.4579,0,0,0,16.2577,3760.11,736.7799,0,0,0,1513.8741,4922.0207,11.7243,0,1630.574,2827.9522,155.9769997
275F,0,14061.3591,1098.2843,42708.9754,144.1012,312.8635,163.2023,134.5458596,200.1674,522.2558,55.8058,5.1009,8.753,0,13.2645,12.9842997,27.1138856,14.2049,79.0263,137.1532,10.6481721,19.581204,0,0,0,3793.7586,147.4408914
1671G,0,1572.3941,0,4763.0449,0,12.3385,0,4071.0448,128.94,10277.1987,10.5947,0,0,0,15.2894,11416.2247,810.368,0,0,0,825.9169,2012.5829,0,0,1280.4845,1996.5807,108.0206824
514B,0,5.5104428,16.2717,135.0801,8.7806,0,0,4010.5787,1635.5097,23921.4809,636.1093,11.7234,19.1906,0,102.4164,308.1545914,3216.3829,0,0,0,2064.5083,11191.742,10.8623,0,162.7587644,0,80.5450237
172D,0,187.4904696,4363.6586,959.0703,141.4074,0,61.7466,7043.0103,5701.086,33255.3594,1395.1853,46.5218,245.1442,0,242.9443,34.860405,138.619491,0,188.5233,20.7996,159.7798814,11447.0533,0,0,0,0,81.4267561
556D,0,63.4812705,0,75.2032,0,0,0,7618.7672,170.5447,12098.5141,19.1373,13.5606,0,0,17.2902,9697.7794,906.0361,0,0,0,3082.3783,5455.6898,13.3526,0,3015.7138,6452.5198,77.5382085
2162E,0,58.0219928,0,26.1799,0,0,0,656.3729,68.4088,1778.5493,19.145,22.6286,18.0422,0,45.5387,5107.2159,2957.5859,0,0,0,80.9323718,171.9903756,5.1547,0,337.3633044,1036.4574,57.5057254
192E,0,369.0327078,0,151.661,0,0,0,3304.2409,44.7056,10574.9658,9.9765,6.1439,0,0,9.9557,2414.4908,188.8465903,0,0,0,671.6312,3524.6089,0,0,343.5844364,2594.908,45.6846638
1233N,0,62.9426905,0,273.2447,0,0,0,1535.9057,16.8715,1836.3294,0,0,0,0,9.1468,9213.566,598.9611,0,0,0,184.6355815,204.2754031,0,0,624.9125,580.4983,44.490555
FMT.0154M,0,158.1178552,0,29.7776,0,5.4907,0,0,0,0,0,0,0,0,38.7927,0,42.7297099,24.9396,23.442,0,8.299588,6.8774529,0,0,15.9663858,5714.282,29.5280332
619F,0,1924.8141,3025.0515,6310.2666,47.842,10.0442,18.2568,8.7512251,9.2006,0,0,0,0,0,0,0,0,0,138.018,19.5696,24.8076536,12.3628101,0,0,0,0,29.4130079
1805J,0,21.7132374,0,27.3646,0,0,0,617.9745,47.5938,760.3019,0,0,0,0,7.3673,4340.8306,551.6661,0,0,0,411.5994177,435.3150095,0,0,2248.3248,1880.8435,43.9569761
226E,0,3904.8617,819.5054,34514.3576,67.1459,19.3207,91.8551,557.789,2236.8647,787.2199,616.5117,0,37.0843,0,37.052,6.0584857,31.8299165,0,55.8133,121.0301,1762.1163,4829.9461,0,0,5.5687673,0,20.5248991
1657J,10.0248,343.5536421,34.1029,97.9705,0,10259.5527,0,65.0599436,0,22.3507787,0,39.5118,0,22.7454,27.3546,389.3111802,14.036696,91318.1196,10.008,33.712,16.8152073,45.3668798,76.5678,102.813,73.4417445,10700.8338,35.3454666
166E,0,0,7.4009,60.1033,0,0,0,3307.6822,479.8159,6497.8931,34.0415,5.1551,9.1402,0,23.7754,7.0980696,0,0,0,0,1045.663,2127.3064,0,0,0,0,0
1362G,0,0,0,9.5421,0,0,0,1029.7085,25.4299,1354.1201,0,21.0386,5.6232,0,11.8085,1240.4011,296.2508041,0,0,0,826.7844,1066.0415,28.3508,0,501.5602607,22.7415405,10.8973969
626E,0,3000.9512,49.6817,13917.1287,7.4141,0,0,33.9162023,260.0072,38.4484414,68.3694,0,6.1916,0,13.8633,0,0,0,5.6093,26.6782,893.6068,1426.2026,0,0,0,0,0
907C,0,7984.502,2923.3402,59318.6947,319.2998,9.1193,40.5773,162.2565895,288.4764,270.9739599,73.7015,0,0,0,0,0,0,0,101.0285,107.8841,1720.644,1856.2155,0,0,23.507195,0,16.2293389
287C,0,0,20.909,54.89,0,0,0,12923.0804,1617.0472,18645.9186,100.8946,18.4204,31.0475,0,71.7315,63.8246147,33.9396917,0,0,0,11091.7348,15004.3695,52.6596,0,54.5925687,0,0
2323K,0,366.0362795,0,93.9982,0,0,0,17246.7792,342.7551,39472.0095,57.1204,0,0,0,50.3637,25.9020461,79.2952318,0,0,0,1934.0678,4212.1833,0,0,0,0,0
FMT.0239H,0,131.4369867,96.4196,2034.1567,0,21.2695,0,107.9092359,0,39.29278165,0,5.0641,0,0,9.4896,12.5187825,0,57.0473,0,12.4656,15.8734959,15.51223135,0,0,0,570.2744,13.0890328
2182J,10.814,1037.0456,359.2503,59.0151,14.7993,32302.9178,0,13.2138552,7.495,6.01906945,0,12.1232,0,0,13.8211,34.5265708,23.4132374,42735.106,38.7054,28.7828,0,34.22645135,0,0,0,8720.4475,108.6927533
FMT.0225E,0,12953.4645,754.9734,54826.1546,62.252,8.5631,0,365.5381279,99.1236,942.7608,13.8527,0,0,0,7.2295,7.3471996,0,0,27.3565,104.7033,835.5072,686.005,0,0,7.5874321,43.5072618,9.5767218
606D,0,9.563642,0,61.6154,0,0,0,14739.0606,237.2906,11774.9292,12.3213,15.3708,5.9212,0,38.7306,51.1542188,0,0,0,0,9872.8487,9162.0152,56.2176,6.0411,19.9182994,0,0
202D,0,106.9208251,10.096,1290.4245,0,0,0,428.3203115,350.3523,862.2939,55.0375,0,0,0,25.1398,0,0,0,0,5.1943,370.844241,642.5302,0,0,0,0,0
1381E,0,1368.7889,95.6504,25681.1657,11.3359,0,0,2461.7005,1221.5658,8539.8242,225.3615,0,0,0,55.1998,38.846485,61.2543049,0,14.6175,177.6739,1796.3357,9534.1648,12.9358,0,13.7505524,0,8.7784693
1872C,0,8.3179834,0,16.1532,0,0,0,1870.1278,55.6365,3634.5871,10.4522,0,0,0,8.3917,5.5349568,15.7560489,0,0,0,119.0353817,225.2165394,0,0,0,0,0
701F,0,0,0,5.8146,0,0,0,924.2712,35.6325,1492.145,6.5841,0,0,0,8.5614,793.2175,55.9677663,0,0,0,256.287149,408.9372168,0,0,152.7722104,1498.1445,0
628R,25.8661,376.3216187,0,39.2131,0,10490.0223,0,77.8983243,0,47.17191495,0,20.8624,0,16.3845,20.7622,167.7755308,0,51687.345,289.5465,47.0312,14.1349244,11.5643582,0,26.3447,16.6408163,1080.7771,33.5369919
1136E,0,1005.6378,129.6539,374.4098,10.0738,34723.1507,333.6886,2038.0368,222.5825,377.2387327,0,2907.9144,744.5555,285.7606,5285.8087,36.4712084,10.8026327,18884.8986,523.2335,0,1212.8742,253.7144491,831.1328,670.1621,17.8259633,106.6568238,76.6183908
251B,0,103.6270237,38.4944,1560.3684,9.3992,0,0,6894.9359,3521.4503,24867.5853,799.4865,103.505,331.0744,0,325.8653,23.0637436,46.5858864,0,5.5914,13.1234,4278.3676,14914.5982,43.0232,0,8.9740185,0,0
594B,0,116.7483713,0,9.4218,0,3760.8602,16.8049,29.7753058,0,10.0264457,0,25.5548,0,0,24.0834,5.3466857,0,15641.2534,130.6845,0,7.1012727,15.585314,9.1552,0,0,30.5839106,0
123B,0,0,0,50.4332,0,0,0,881.0825,69.0353,1990.745,12.5881,43.7388,25.32,0,14.9272,14.6175248,0,0,0,0,558.5345,1335.2618,35.0053,0,6.6784635,0,0
1629D,21.1839,765.2887,84.4374,208.5998,0,10925.6238,0,46.4492208,0,20.4279921,0,29.9274,0,12.5368,9.9267,52.9447517,0,25679.1673,0,112.6273,78.8126314,56.97338095,114.0277,156.3776,211.0768161,3394.167,108.735455
1208D,NA,4289.7,2747.6,711,112.5,16763.6,1723.9,14.1,0,0,0,0,0,0,0,141.5,0,19009.7,379.5,NA,9,0,113.6,75.5,77.7,8117.1,4037
1168A,NA,61.4,6321.7,30.9,869.3,9255.7,5426.5,0,0,0,0,0,0,0,0,8.4,5.5,14468.9,504.3,NA,0,0,42.5,39,6.7,4888.5,5648.7
FMT.0080M,NA,6536.3,80.3,7530.2,11.1,1694.4,258.7,5379.2,77,10003.8,17.4,1420.6,203.5,20.9,422.4,6907.3,1115.1,231.3,477.1,NA,717,1546.5,406.4,15,585.8,12707.8,1009.4
FMT.0102G,NA,316.8,165.3,3186.4,10.2,0,6.3,22264.3,675.5,26160,56.3,60.7,16.2,0,173.1,28479.5,6180.2,0,59.8,NA,35.6,139.5,0,0,74.6,6244.7,1284.6
1245P,NA,2295.1,4900.2,233,28,0,0,469,2550.3,2970.8,680.1,0,27.1,0,127.8,5021.6,15283,0,52.8,NA,568,1269.5,0,0,491.9,7470.1,4737.1
FMT.0011B,NA,3881.6,1217,9848,19.3,244.8,1300,41,992.9,131.3,49.8,0,100.2,0,13.8,262.3,6160.4,0,132.8,NA,1779.9,840.7,44.3,0,637.2,17989.5,2698.2
1364N,NA,15934,2199.2,19557.5,103.7,6.7,0,4439.9,29.4,18,0,0,0,0,0,7846.1,648.5,8,195.6,NA,372.5,442.5,0,0,630.1,40296.3,3345.4
FMT.0187K,NA,1242.7,143.7,3153.2,71.4,14872,16.5,0,0,0,0,0,0,0,0,0,0,4972.2,6.5,NA,616.9,1064.5,716.5,144.1,34.8,632,6.3
FMT.0066K,NA,18159.5,2909.2,19165.6,88.5,886.3,528.1,274.8,256.8,250.3,17.5,9.7,5.2,0,19.9,1742.8,465.7,23,395.7,NA,5.6,0,0,0,9.7,29014.2,4417
FMT.0107P,NA,1166.3,187.1,6261.4,179.4,13588.6,48.3,0,0,7.8,0,0,0,0,0,0,0,4664.6,17.3,NA,686.9,1557.4,946.3,147,99.2,848.5,10.4
FMT.0042E,NA,14605.1,3817.6,8981.5,197.3,23,0,107.3,22.1,89.7,6.9,0,0,0,0,528.1,230.6,11.5,243.3,NA,16.1,36.6,0,0,31.6,16629.2,4069.8
1334G,NA,3475.1,3418.8,7084.4,120.9,0,0,17.9,8.6,0,0,0,0,0,0,315.9,843,8.9,184.8,NA,0,0,0,0,0,14973,4969.5
1445A,NA,8945.7,4104.6,7102.6,104.8,10.2,0,17168.2,1905.6,15748.3,367.1,42,103.8,0,181.7,15774.9,15998.2,12.1,145,NA,48.4,515.3,0,0,168.6,11223.4,6007.3
1302C,NA,6174.5,429.4,11096.6,12.4,873.2,404.9,225.3,0,294.8,0,49.6,7.3,0,0,653.4,29.5,0,219.9,NA,16.3,45.3,0,0,30.4,13265.6,1608.8
FMT.0074O,NA,10603.5,2571.6,24179.5,86.6,15.4,0,971.2,29,9140.9,153.3,0,0,0,0,3493.5,387.9,10.4,182.7,NA,15.4,169,0,0,73.1,41733.9,4184.9
FMT.0007C,NA,248.1,2807.1,66.3,74.1,9223.4,4301.7,143.9,0,33,0,20.1,0,13.5,60.2,354.6,16,24358.7,5457.3,NA,6.3,0,0,0,8.8,7513.3,4448.7
878D,NA,42.6,15.2,364.1,0,0,0,29188.1,1383.7,42363.9,257.7,46.2,9.8,0,139.7,14226.8,5733.8,8.9,0,NA,4643.9,4871.8,5.6,0,658.4,4192.7,802.6
FMT.0054H,NA,9173.1,1164.8,7668.6,38,7.6,0,129.7,278.7,226.3,45.3,0,0,0,9.9,1552.4,3857,12.4,124.5,NA,12.1,1038.3,0,0,60.3,15022.3,4076.5
FMT.0225C,NA,16000.4,6566.3,6834.6,121.4,8.5,0,884.1,50.1,413.4,44.7,0,0,0,0,1222.3,236949.8,0,268.9,NA,73,963.7,0,0,117.8,14604.9,4754.1
FMT.0137H,NA,12463.4,152.4,21084.2,10,8.1,6.1,2284.1,388.9,1494.4,49.6,0,0,0,39.9,16256.9,6218.9,9.7,45.6,NA,3476.5,2236,0,0,424.7,34817.4,1805.8
1297D,NA,36.2,0,12.5,0,0,0,4190.7,62,3474,0,37.5,0,0,27,11028.5,1432.3,0,0,NA,1329.2,985.6,10.7,0,847.6,5956.6,217.1
1561F,NA,13457.2,3807.1,13099.7,169.9,3027,3747.7,1887.4,550.2,524.5,83.8,183.3,577.7,0,137.7,16873.5,7293.6,51.1,745.6,NA,320.1,1560.8,338,0,563.4,25092.1,6074.6
1250E,NA,9192.2,5751.3,14359.4,876.9,10.4,0,2038.7,9.2,1089.3,809.4,0,8.8,0,6.7,7723.1,2510.4,6.6,153.6,NA,107.2,2069.3,0,0,241.6,24237,4052.3
1029E,NA,35.5,6.7,46.8,0,0,0,11957.5,571.1,23301.3,65.7,156.2,36.6,0,112.9,22954.7,6000.4,0,0,NA,2255.6,2338.9,50.6,0,538.7,6639.4,809
1848H,NA,11.6,0,272.9,0,0,0,26441.1,250.8,33292.8,31.5,13.6,0,0,64.5,30633.8,3067.6,0,0,NA,3120.1,2912.4,0,0,582.2,2196.1,728.2
FMT.0110J,NA,18781.4,1322.7,13583.5,16,6942,1507,3232.6,49.2,3900.6,32.8,1764.7,768.8,0,120.8,8348.6,858.2,94.9,819.2,NA,78.2,2359.1,889.9,0,198.7,28784.6,2233.5
1160M,NA,15298.1,368.7,9096.3,13.8,11.7,5.8,14021.8,509.7,17535.9,46.8,22.7,7.8,0,53.5,8364.3,3224.4,0,25.4,NA,3710.7,2361.6,6.3,0,801.8,17549.3,1055.8
1246G,NA,8.7,9.2,85,0,0,0,3030.5,592.5,7104.9,42.5,120.4,108.3,0,41.1,10175.1,6079.6,0,0,NA,480.2,1010.7,38.2,0,723,2793.1,361
882E,NA,3607,66.9,9091.6,6,18.4,0,9233.4,976.2,11704.3,156.7,35.3,29.8,0,98.3,25.3,15,0,9.1,NA,2714.4,1950.7,35.9,0,6.6,0,7.6
FMT.0063P,NA,26.9,0,33.2,0,0,0,6066.1,219.2,9987.6,37.8,0,0,0,29.3,14787.3,5378.8,0,0,NA,1066.3,1180.4,0,0,812.1,3462.2,476.6
668R,NA,9486.8,787.6,11568.2,13.8,2266.5,182.2,10016.2,347.6,13868.5,34.4,362.6,106.9,0,106.6,20184.8,3100.4,517.8,253.6,NA,53.3,381.8,23.8,0,170.1,22052.9,2269.1
1141C,NA,20.5,8.4,55.7,0,0,0,24481.7,915,13817,35.3,80,23.9,0,195.4,24153.6,9807.1,0,9.8,NA,5071.7,3502,23,9.5,301.1,1962.8,1039.2
1233I,NA,0,0,13,0,0,0,1268.7,44.1,1085.8,0,209,59.9,0,26.7,978.7,245.6,0,0,NA,142.7,208.8,27.3,0,67.7,79.1,18.4
988C,NA,4229.2,139.9,9040.5,6.2,0,0,2624.7,803.8,21961.3,123.8,5.3,0,0,48.8,9272.2,8482.5,0,0,NA,2034.5,1602.5,0,0,762.7,14408.2,1095.7
FMT.0131I,NA,4155.1,143.2,4714.5,8.8,15.7,5.3,19094.1,515.8,19078.1,41.7,52.2,7.8,0,70.8,19727,3807.5,0,17,NA,86.7,130.9,0,0,264.4,9885.5,1043.6
FMT.0023K,NA,34291,1931.3,8284.5,66.5,24278.5,4264.7,13469.9,314.7,5132.4,10.1,13128.1,1062.3,1303.8,4501.7,27834.5,1027.8,28069.1,6366.6,NA,563.6,469.4,964.5,581.8,675.9,9607.4,6435
1107H,NA,1143.8,2182.2,12805.7,44.3,195.6,4590.5,444.6,1207.7,257,92.6,53.9,773.6,0,601.8,2769.8,12841.4,0,1032.6,NA,3906.8,1491.7,492.8,10.1,337.5,4571,4525.2
FMT.0103T,NA,26.2,33.8,82.6,5.5,0,0,11322.7,1538.8,23247.5,742,8.3,16.1,0,86.5,8204.2,16939.8,0,7.1,NA,2805.8,3301.3,0,0,580.6,3186.4,1231.1
1173Q,NA,1709.2,721.4,1919.4,8.1,75.3,146.2,0,9.9,0,0,0,0,0,7.1,11,54,41.5,114.5,NA,0,0,0,0,0,8072,1692.7
1151F,NA,1255,946,2273.1,25.1,0,965.3,17565.9,1271.2,27841.3,313.6,18.5,17.3,0,73.1,21370.6,13143.5,6.6,147.5,NA,0,2176.6,0,0,20.2,8035.5,2346.1
1209I,NA,14722.1,3592.7,6459.4,133.5,2789.8,4079,605.9,0,237.1,0,106.1,7.8,0,0,1481,51.1,546,498.1,NA,172.6,97.6,33.3,0,327.9,12477.4,6317.2
1381C,NA,537.7,20.8,257.6,0,0,0,4923.3,468.8,3565.5,13.3,7.5,7.8,0,35.3,12040.2,5618.1,0,0,NA,298.5,513,0,0,598.8,6593.9,406.5
FMT.0191F,NA,4305.7,137.5,7337.7,0,105.8,108.6,278.3,1190.8,288.9,100.7,0,370.5,0,23.6,6346.7,10053.1,0,9.7,NA,3223.3,1615.7,187.9,0,622.8,12541.8,1127.1
FMT.0178I,NA,1652.8,368.5,9827.9,6.4,0,8.6,254.5,627.2,235.7,43.2,0,0,0,26.6,2723.6,4290.1,0,38.6,NA,783.6,926.4,0,0,768,12099.6,1045.4
